,job_type,cloud_provider,cluster_name,lat,lon,source_zone_id,target_zone_id,load_balance,cost_mix,source_job_type,weights_update_interval,gb_price,latency
0,details,aws,aws-us-east-1,37.926868,-78.024902,aws-sa-east-1-1,aws-us-east-1-1,KOSS,beta=0.1,product_page,10,0.020000000000000004,119.00143631232486
0,details,aws,aws-us-east-1,37.926868,-78.024902,aws-sa-east-1-1,aws-us-east-1-1,KOSS,beta=0.1,product_page,60,0.02,119.00148835262648
0,details,aws,aws-us-east-1,37.926868,-78.024902,aws-sa-east-1-1,aws-us-east-1-1,KOSS,beta=0.1,product_page,300,0.02,119.00171160552046
0,details,aws,aws-us-east-1,37.926868,-78.024902,aws-sa-east-1-1,aws-us-east-1-1,KOSS,beta=0.1,product_page,600,0.02,119.00171160552046
0,details,aws,aws-us-east-1,37.926868,-78.024902,aws-sa-east-1-1,aws-us-east-1-1,KOSS,beta=0.1,product_page,1000,0.02,119.00205392662454
0,details,aws,aws-us-east-1,37.926868,-78.024902,aws-sa-east-1-1,aws-us-east-1-1,KOSS,beta=0.9,product_page,10,0.020000000000000004,119.00143631232486
0,details,aws,aws-us-east-1,37.926868,-78.024902,aws-sa-east-1-1,aws-us-east-1-1,KOSS,beta=0.9,product_page,60,0.02,119.00148835262648
0,details,aws,aws-us-east-1,37.926868,-78.024902,aws-sa-east-1-1,aws-us-east-1-1,KOSS,beta=0.9,product_page,300,0.02,119.00171160552046
0,details,aws,aws-us-east-1,37.926868,-78.024902,aws-sa-east-1-1,aws-us-east-1-1,KOSS,beta=0.9,product_page,600,0.02,119.00171160552046
0,details,aws,aws-us-east-1,37.926868,-78.024902,aws-sa-east-1-1,aws-us-east-1-1,KOSS,beta=0.9,product_page,1000,0.02,119.00205392662454
0,details,aws,aws-us-east-1,37.926868,-78.024902,aws-us-east-1-1,aws-us-east-1-1,KOSS,beta=0.1,product_page,10,0.01,0.0013986013986013986
0,details,aws,aws-us-east-1,37.926868,-78.024902,aws-us-east-1-1,aws-us-east-1-1,KOSS,beta=0.1,product_page,60,0.01,0.0014492753623188406
0,details,aws,aws-us-east-1,37.926868,-78.024902,aws-us-east-1-1,aws-us-east-1-1,KOSS,beta=0.1,product_page,300,0.01,0.0016666666666666668
0,details,aws,aws-us-east-1,37.926868,-78.024902,aws-us-east-1-1,aws-us-east-1-1,KOSS,beta=0.1,product_page,600,0.01,0.0016666666666666668
0,details,aws,aws-us-east-1,37.926868,-78.024902,aws-us-east-1-1,aws-us-east-1-1,KOSS,beta=0.1,product_page,1000,0.01,0.002
0,details,aws,aws-us-east-1,37.926868,-78.024902,aws-us-east-1-1,aws-us-east-1-1,KOSS,beta=0.9,product_page,10,0.01,0.0013986013986013986
0,details,aws,aws-us-east-1,37.926868,-78.024902,aws-us-east-1-1,aws-us-east-1-1,KOSS,beta=0.9,product_page,60,0.01,0.0014492753623188406
0,details,aws,aws-us-east-1,37.926868,-78.024902,aws-us-east-1-1,aws-us-east-1-1,KOSS,beta=0.9,product_page,300,0.01,0.0016666666666666668
0,details,aws,aws-us-east-1,37.926868,-78.024902,aws-us-east-1-1,aws-us-east-1-1,KOSS,beta=0.9,product_page,600,0.01,0.0016666666666666668
0,details,aws,aws-us-east-1,37.926868,-78.024902,aws-us-east-1-1,aws-us-east-1-1,KOSS,beta=0.9,product_page,1000,0.01,0.002
0,details,aws,aws-us-east-1,37.926868,-78.024902,gcp-us-west-1-1,aws-us-east-1-1,KOSS,beta=0.1,product_page,10,0.09,62.0
0,details,aws,aws-us-east-1,37.926868,-78.024902,gcp-us-west-1-1,aws-us-east-1-1,KOSS,beta=0.1,product_page,60,0.08999999999999998,62.0
0,details,aws,aws-us-east-1,37.926868,-78.024902,gcp-us-west-1-1,aws-us-east-1-1,KOSS,beta=0.1,product_page,300,0.08999999999999997,62.0
0,details,aws,aws-us-east-1,37.926868,-78.024902,gcp-us-west-1-1,aws-us-east-1-1,KOSS,beta=0.1,product_page,600,0.08999999999999997,62.0
0,details,aws,aws-us-east-1,37.926868,-78.024902,gcp-us-west-1-1,aws-us-east-1-1,KOSS,beta=0.1,product_page,1000,0.08999999999999998,62.0
0,details,gcp,gcp-asia-east-1,24.0518,120.5161,gcp-asia-east-1-1,gcp-asia-east-1-1,KOSS,beta=0.1,product_page,10,0.0,0.0013986013986013986
0,details,gcp,gcp-asia-east-1,24.0518,120.5161,gcp-asia-east-1-1,gcp-asia-east-1-1,KOSS,beta=0.1,product_page,60,0.0,0.0014492753623188406
0,details,gcp,gcp-asia-east-1,24.0518,120.5161,gcp-asia-east-1-1,gcp-asia-east-1-1,KOSS,beta=0.1,product_page,300,0.0,0.0016666666666666668
0,details,gcp,gcp-asia-east-1,24.0518,120.5161,gcp-asia-east-1-1,gcp-asia-east-1-1,KOSS,beta=0.1,product_page,600,0.0,0.0016666666666666668
0,details,gcp,gcp-asia-east-1,24.0518,120.5161,gcp-asia-east-1-1,gcp-asia-east-1-1,KOSS,beta=0.1,product_page,1000,0.0,0.002
0,details,gcp,gcp-asia-east-1,24.0518,120.5161,gcp-asia-east-1-1,gcp-asia-east-1-1,KOSS,beta=0.9,product_page,10,0.0,0.0013986013986013986
0,details,gcp,gcp-asia-east-1,24.0518,120.5161,gcp-asia-east-1-1,gcp-asia-east-1-1,KOSS,beta=0.9,product_page,60,0.0,0.0014492753623188406
0,details,gcp,gcp-asia-east-1,24.0518,120.5161,gcp-asia-east-1-1,gcp-asia-east-1-1,KOSS,beta=0.9,product_page,300,0.0,0.0016666666666666668
0,details,gcp,gcp-asia-east-1,24.0518,120.5161,gcp-asia-east-1-1,gcp-asia-east-1-1,KOSS,beta=0.9,product_page,600,0.0,0.0016666666666666668
0,details,gcp,gcp-asia-east-1,24.0518,120.5161,gcp-asia-east-1-1,gcp-asia-east-1-1,KOSS,beta=0.9,product_page,1000,0.0,0.002
0,details,gcp,gcp-asia-east-1,24.0518,120.5161,gcp-us-west-1-1,gcp-asia-east-1-1,KOSS,beta=0.1,product_page,10,0.08,118.00396739213825
0,details,gcp,gcp-asia-east-1,24.0518,120.5161,gcp-us-west-1-1,gcp-asia-east-1-1,KOSS,beta=0.1,product_page,60,0.08,118.00386566413471
0,details,gcp,gcp-asia-east-1,24.0518,120.5161,gcp-us-west-1-1,gcp-asia-east-1-1,KOSS,beta=0.1,product_page,300,0.08,118.00509058546616
0,details,gcp,gcp-asia-east-1,24.0518,120.5161,gcp-us-west-1-1,gcp-asia-east-1-1,KOSS,beta=0.1,product_page,600,0.08,118.00381793909962
0,details,gcp,gcp-asia-east-1,24.0518,120.5161,gcp-us-west-1-1,gcp-asia-east-1-1,KOSS,beta=0.1,product_page,1000,0.08,118.00458152691955
0,details,gcp,gcp-asia-east-1,24.0518,120.5161,gcp-us-west-1-1,gcp-asia-east-1-1,KOSS,beta=0.9,product_page,10,0.08,118.00321701637108
0,details,gcp,gcp-asia-east-1,24.0518,120.5161,gcp-us-west-1-1,gcp-asia-east-1-1,KOSS,beta=0.9,product_page,60,0.08,118.00333357493524
0,details,gcp,gcp-asia-east-1,24.0518,120.5161,gcp-us-west-1-1,gcp-asia-east-1-1,KOSS,beta=0.9,product_page,300,0.08,118.00383361117554
0,details,gcp,gcp-asia-east-1,24.0518,120.5161,gcp-us-west-1-1,gcp-asia-east-1-1,KOSS,beta=0.9,product_page,600,0.08,118.00383361117554
0,details,gcp,gcp-asia-east-1,24.0518,120.5161,gcp-us-west-1-1,gcp-asia-east-1-1,KOSS,beta=0.9,product_page,1000,0.08,118.00460033341064
0,details,gcp,gcp-eu-west-1,50.4491,3.8184,aws-sa-east-1-1,gcp-eu-west-1-1,KOSS,beta=0.1,product_page,10,0.11000000000000001,209.0
0,details,gcp,gcp-eu-west-1,50.4491,3.8184,aws-sa-east-1-1,gcp-eu-west-1-1,KOSS,beta=0.9,product_page,10,0.11000000000000001,209.0
0,details,gcp,gcp-eu-west-1,50.4491,3.8184,gcp-eu-west-1-1,gcp-eu-west-1-1,KOSS,beta=0.1,product_page,10,0.0,0.0
0,details,gcp,gcp-eu-west-1,50.4491,3.8184,gcp-eu-west-1-1,gcp-eu-west-1-1,KOSS,beta=0.1,product_page,60,0.0,0.0
0,details,gcp,gcp-eu-west-1,50.4491,3.8184,gcp-eu-west-1-1,gcp-eu-west-1-1,KOSS,beta=0.1,product_page,300,0.0,0.0
0,details,gcp,gcp-eu-west-1,50.4491,3.8184,gcp-eu-west-1-1,gcp-eu-west-1-1,KOSS,beta=0.1,product_page,600,0.0,0.0
0,details,gcp,gcp-eu-west-1,50.4491,3.8184,gcp-eu-west-1-1,gcp-eu-west-1-1,KOSS,beta=0.1,product_page,1000,0.0,0.0
0,details,gcp,gcp-eu-west-1,50.4491,3.8184,gcp-eu-west-1-1,gcp-eu-west-1-1,KOSS,beta=0.9,product_page,10,0.0,0.0
0,details,gcp,gcp-eu-west-1,50.4491,3.8184,gcp-eu-west-1-1,gcp-eu-west-1-1,KOSS,beta=0.9,product_page,60,0.0,0.0
0,details,gcp,gcp-eu-west-1,50.4491,3.8184,gcp-eu-west-1-1,gcp-eu-west-1-1,KOSS,beta=0.9,product_page,300,0.0,0.0
0,details,gcp,gcp-eu-west-1,50.4491,3.8184,gcp-eu-west-1-1,gcp-eu-west-1-1,KOSS,beta=0.9,product_page,600,0.0,0.0
0,details,gcp,gcp-eu-west-1,50.4491,3.8184,gcp-eu-west-1-1,gcp-eu-west-1-1,KOSS,beta=0.9,product_page,1000,0.0,0.0
0,product_page,aws,aws-sa-east-1,-23.5505,-46.6333,CLIENT,aws-sa-east-1-1,KOSS,beta=0.1,CLIENT,10,0.09933338052420095,0.8657342657342657
0,product_page,aws,aws-sa-east-1,-23.5505,-46.6333,CLIENT,aws-sa-east-1-1,KOSS,beta=0.1,CLIENT,60,0.09933333333333332,0.7956521739130434
0,product_page,aws,aws-sa-east-1,-23.5505,-46.6333,CLIENT,aws-sa-east-1-1,KOSS,beta=0.1,CLIENT,300,0.09933333333333333,0.7166666666666667
0,product_page,aws,aws-sa-east-1,-23.5505,-46.6333,CLIENT,aws-sa-east-1-1,KOSS,beta=0.1,CLIENT,600,0.09933333333333333,0.7166666666666667
0,product_page,aws,aws-sa-east-1,-23.5505,-46.6333,CLIENT,aws-sa-east-1-1,KOSS,beta=0.1,CLIENT,1000,0.09933333333333334,0.75
0,product_page,aws,aws-sa-east-1,-23.5505,-46.6333,CLIENT,aws-sa-east-1-1,KOSS,beta=0.9,CLIENT,10,0.09933338052420095,0.8657342657342657
0,product_page,aws,aws-sa-east-1,-23.5505,-46.6333,CLIENT,aws-sa-east-1-1,KOSS,beta=0.9,CLIENT,60,0.09933333333333332,0.7956521739130434
0,product_page,aws,aws-sa-east-1,-23.5505,-46.6333,CLIENT,aws-sa-east-1-1,KOSS,beta=0.9,CLIENT,300,0.09933333333333333,0.7166666666666667
0,product_page,aws,aws-sa-east-1,-23.5505,-46.6333,CLIENT,aws-sa-east-1-1,KOSS,beta=0.9,CLIENT,600,0.09933333333333333,0.7166666666666667
0,product_page,aws,aws-sa-east-1,-23.5505,-46.6333,CLIENT,aws-sa-east-1-1,KOSS,beta=0.9,CLIENT,1000,0.09933333333333334,0.75
0,product_page,aws,aws-us-east-1,37.926868,-78.024902,CLIENT,aws-us-east-1-1,KOSS,beta=0.1,CLIENT,10,0.056666666666666664,0.8769230769230769
0,product_page,aws,aws-us-east-1,37.926868,-78.024902,CLIENT,aws-us-east-1-1,KOSS,beta=0.1,CLIENT,60,0.05666666666666666,0.8333333333333334
0,product_page,aws,aws-us-east-1,37.926868,-78.024902,CLIENT,aws-us-east-1-1,KOSS,beta=0.1,CLIENT,300,0.056666666666666664,0.865
0,product_page,aws,aws-us-east-1,37.926868,-78.024902,CLIENT,aws-us-east-1-1,KOSS,beta=0.1,CLIENT,600,0.056666666666666664,0.865
0,product_page,aws,aws-us-east-1,37.926868,-78.024902,CLIENT,aws-us-east-1-1,KOSS,beta=0.1,CLIENT,1000,0.056666666666666664,0.974
0,product_page,aws,aws-us-east-1,37.926868,-78.024902,CLIENT,aws-us-east-1-1,KOSS,beta=0.9,CLIENT,10,0.056666666666666664,0.8769230769230769
0,product_page,aws,aws-us-east-1,37.926868,-78.024902,CLIENT,aws-us-east-1-1,KOSS,beta=0.9,CLIENT,60,0.05666666666666666,0.8333333333333334
0,product_page,aws,aws-us-east-1,37.926868,-78.024902,CLIENT,aws-us-east-1-1,KOSS,beta=0.9,CLIENT,300,0.056666666666666664,0.865
0,product_page,aws,aws-us-east-1,37.926868,-78.024902,CLIENT,aws-us-east-1-1,KOSS,beta=0.9,CLIENT,600,0.056666666666666664,0.865
0,product_page,aws,aws-us-east-1,37.926868,-78.024902,CLIENT,aws-us-east-1-1,KOSS,beta=0.9,CLIENT,1000,0.056666666666666664,0.974
0,product_page,gcp,gcp-asia-east-1,24.0518,120.5161,CLIENT,gcp-asia-east-1-1,KOSS,beta=0.1,CLIENT,10,0.08314401096006327,0.9202797202797203
0,product_page,gcp,gcp-asia-east-1,24.0518,120.5161,CLIENT,gcp-asia-east-1-1,KOSS,beta=0.1,CLIENT,60,0.08273090864035307,0.9536231884057971
0,product_page,gcp,gcp-asia-east-1,24.0518,120.5161,CLIENT,gcp-asia-east-1-1,KOSS,beta=0.1,CLIENT,300,0.0806792775978747,1.0966666666666667
0,product_page,gcp,gcp-asia-east-1,24.0518,120.5161,CLIENT,gcp-asia-east-1-1,KOSS,beta=0.1,CLIENT,600,0.07929994206026177,1.0966666666666667
0,product_page,gcp,gcp-asia-east-1,24.0518,120.5161,CLIENT,gcp-asia-east-1-1,KOSS,beta=0.1,CLIENT,1000,0.07667333555629652,1.312
0,product_page,gcp,gcp-asia-east-1,24.0518,120.5161,CLIENT,gcp-asia-east-1-1,KOSS,beta=0.9,CLIENT,10,0.07666666666666665,0.9202797202797203
0,product_page,gcp,gcp-asia-east-1,24.0518,120.5161,CLIENT,gcp-asia-east-1-1,KOSS,beta=0.9,CLIENT,60,0.07666666666666666,0.9536231884057971
0,product_page,gcp,gcp-asia-east-1,24.0518,120.5161,CLIENT,gcp-asia-east-1-1,KOSS,beta=0.9,CLIENT,300,0.07666666666666666,1.0966666666666667
0,product_page,gcp,gcp-asia-east-1,24.0518,120.5161,CLIENT,gcp-asia-east-1-1,KOSS,beta=0.9,CLIENT,600,0.07666666666666666,1.0966666666666667
0,product_page,gcp,gcp-asia-east-1,24.0518,120.5161,CLIENT,gcp-asia-east-1-1,KOSS,beta=0.9,CLIENT,1000,0.07666666666666665,1.312
0,product_page,gcp,gcp-eu-west-1,50.4491,3.8184,CLIENT,gcp-eu-west-1-1,KOSS,beta=0.1,CLIENT,10,0.05,0.8405594405594405
0,product_page,gcp,gcp-eu-west-1,50.4491,3.8184,CLIENT,gcp-eu-west-1-1,KOSS,beta=0.1,CLIENT,60,0.05,0.8521739130434782
0,product_page,gcp,gcp-eu-west-1,50.4491,3.8184,CLIENT,gcp-eu-west-1-1,KOSS,beta=0.1,CLIENT,300,0.04999999999999999,0.4033333333333333
0,product_page,gcp,gcp-eu-west-1,50.4491,3.8184,CLIENT,gcp-eu-west-1-1,KOSS,beta=0.1,CLIENT,600,0.04999999999999999,0.4033333333333333
0,product_page,gcp,gcp-eu-west-1,50.4491,3.8184,CLIENT,gcp-eu-west-1-1,KOSS,beta=0.1,CLIENT,1000,0.049999999999999996,0.138
0,product_page,gcp,gcp-eu-west-1,50.4491,3.8184,CLIENT,gcp-eu-west-1-1,KOSS,beta=0.9,CLIENT,10,0.05,0.8405594405594405
0,product_page,gcp,gcp-eu-west-1,50.4491,3.8184,CLIENT,gcp-eu-west-1-1,KOSS,beta=0.9,CLIENT,60,0.05,0.8521739130434782
0,product_page,gcp,gcp-eu-west-1,50.4491,3.8184,CLIENT,gcp-eu-west-1-1,KOSS,beta=0.9,CLIENT,300,0.04999999999999999,0.4033333333333333
0,product_page,gcp,gcp-eu-west-1,50.4491,3.8184,CLIENT,gcp-eu-west-1-1,KOSS,beta=0.9,CLIENT,600,0.04999999999999999,0.4033333333333333
0,product_page,gcp,gcp-eu-west-1,50.4491,3.8184,CLIENT,gcp-eu-west-1-1,KOSS,beta=0.9,CLIENT,1000,0.049999999999999996,0.138
0,product_page,gcp,gcp-us-west-1,43.8041,-120.5542,CLIENT,gcp-us-west-1-1,KOSS,beta=0.1,CLIENT,10,0.12012602977467877,0.8615384615384616
0,product_page,gcp,gcp-us-west-1,43.8041,-120.5542,CLIENT,gcp-us-west-1-1,KOSS,beta=0.1,CLIENT,60,0.11978870629492164,0.8739130434782608
0,product_page,gcp,gcp-us-west-1,43.8041,-120.5542,CLIENT,gcp-us-west-1-1,KOSS,beta=0.1,CLIENT,300,0.11811644041621051,0.9733333333333334
0,product_page,gcp,gcp-us-west-1,43.8041,-120.5542,CLIENT,gcp-us-west-1-1,KOSS,beta=0.1,CLIENT,600,0.1171199894782353,0.9733333333333334
0,product_page,gcp,gcp-us-west-1,43.8041,-120.5542,CLIENT,gcp-us-west-1-1,KOSS,beta=0.1,CLIENT,1000,0.1133400022229632,1.158
0,product_page,gcp,gcp-us-west-1,43.8041,-120.5542,CLIENT,gcp-us-west-1-1,KOSS,beta=0.9,CLIENT,10,0.10354858479635366,0.8615384615384616
0,product_page,gcp,gcp-us-west-1,43.8041,-120.5542,CLIENT,gcp-us-west-1-1,KOSS,beta=0.9,CLIENT,60,0.10390162278294654,0.8739130434782608
0,product_page,gcp,gcp-us-west-1,43.8041,-120.5542,CLIENT,gcp-us-west-1-1,KOSS,beta=0.9,CLIENT,300,0.10587945960423364,0.9733333333333334
0,product_page,gcp,gcp-us-west-1,43.8041,-120.5542,CLIENT,gcp-us-west-1-1,KOSS,beta=0.9,CLIENT,600,0.10833208454959845,0.9733333333333334
0,product_page,gcp,gcp-us-west-1,43.8041,-120.5542,CLIENT,gcp-us-west-1-1,KOSS,beta=0.9,CLIENT,1000,0.11332666444370346,1.158
0,rating,gcp,gcp-asia-east-1,24.0518,120.5161,aws-sa-east-1-1,gcp-asia-east-1-1,KOSS,beta=0.1,review,10,0.11,288.0
0,rating,gcp,gcp-asia-east-1,24.0518,120.5161,aws-sa-east-1-1,gcp-asia-east-1-1,KOSS,beta=0.1,review,60,0.11,288.0
0,rating,gcp,gcp-asia-east-1,24.0518,120.5161,aws-sa-east-1-1,gcp-asia-east-1-1,KOSS,beta=0.1,review,300,0.11,288.0164999573441
0,rating,gcp,gcp-asia-east-1,24.0518,120.5161,aws-sa-east-1-1,gcp-asia-east-1-1,KOSS,beta=0.1,review,600,0.11,288.00824997867204
0,rating,gcp,gcp-asia-east-1,24.0518,120.5161,aws-sa-east-1-1,gcp-asia-east-1-1,KOSS,beta=0.1,review,1000,0.11,288.0049499872032
0,rating,gcp,gcp-asia-east-1,24.0518,120.5161,aws-sa-east-1-1,gcp-asia-east-1-1,KOSS,beta=0.9,review,10,0.11,288.0
0,rating,gcp,gcp-asia-east-1,24.0518,120.5161,aws-sa-east-1-1,gcp-asia-east-1-1,KOSS,beta=0.9,review,60,0.11,288.0
0,rating,gcp,gcp-asia-east-1,24.0518,120.5161,aws-sa-east-1-1,gcp-asia-east-1-1,KOSS,beta=0.9,review,300,0.11,288.0164999573441
0,rating,gcp,gcp-asia-east-1,24.0518,120.5161,aws-sa-east-1-1,gcp-asia-east-1-1,KOSS,beta=0.9,review,600,0.11,288.00824997867204
0,rating,gcp,gcp-asia-east-1,24.0518,120.5161,aws-sa-east-1-1,gcp-asia-east-1-1,KOSS,beta=0.9,review,1000,0.11,288.0049499872032
0,rating,gcp,gcp-eu-west-1,50.4491,3.8184,aws-us-east-1-1,gcp-eu-west-1-1,KOSS,beta=0.1,review,10,0.10999999999999997,82.0
0,rating,gcp,gcp-eu-west-1,50.4491,3.8184,aws-us-east-1-1,gcp-eu-west-1-1,KOSS,beta=0.1,review,60,0.11000000000000003,82.0
0,rating,gcp,gcp-eu-west-1,50.4491,3.8184,aws-us-east-1-1,gcp-eu-west-1-1,KOSS,beta=0.1,review,300,0.10999999999999999,82.0
0,rating,gcp,gcp-eu-west-1,50.4491,3.8184,aws-us-east-1-1,gcp-eu-west-1-1,KOSS,beta=0.1,review,600,0.11000000000000004,82.0
0,rating,gcp,gcp-eu-west-1,50.4491,3.8184,aws-us-east-1-1,gcp-eu-west-1-1,KOSS,beta=0.1,review,1000,0.11000000000000003,82.0
0,rating,gcp,gcp-eu-west-1,50.4491,3.8184,aws-us-east-1-1,gcp-eu-west-1-1,KOSS,beta=0.9,review,10,0.11,82.0
0,rating,gcp,gcp-eu-west-1,50.4491,3.8184,aws-us-east-1-1,gcp-eu-west-1-1,KOSS,beta=0.9,review,60,0.11,82.0
0,rating,gcp,gcp-eu-west-1,50.4491,3.8184,aws-us-east-1-1,gcp-eu-west-1-1,KOSS,beta=0.9,review,300,0.11,82.0
0,rating,gcp,gcp-eu-west-1,50.4491,3.8184,aws-us-east-1-1,gcp-eu-west-1-1,KOSS,beta=0.9,review,600,0.11,82.0
0,rating,gcp,gcp-eu-west-1,50.4491,3.8184,aws-us-east-1-1,gcp-eu-west-1-1,KOSS,beta=0.9,review,1000,0.11000000000000004,82.0
0,rating,gcp,gcp-eu-west-1,50.4491,3.8184,gcp-eu-west-1-1,gcp-eu-west-1-1,KOSS,beta=0.1,review,10,0.0,0.0
0,rating,gcp,gcp-eu-west-1,50.4491,3.8184,gcp-eu-west-1-1,gcp-eu-west-1-1,KOSS,beta=0.1,review,60,0.0,0.0
0,rating,gcp,gcp-eu-west-1,50.4491,3.8184,gcp-eu-west-1-1,gcp-eu-west-1-1,KOSS,beta=0.1,review,300,0.0,0.0
0,rating,gcp,gcp-eu-west-1,50.4491,3.8184,gcp-eu-west-1-1,gcp-eu-west-1-1,KOSS,beta=0.1,review,600,0.0,0.0
0,rating,gcp,gcp-eu-west-1,50.4491,3.8184,gcp-eu-west-1-1,gcp-eu-west-1-1,KOSS,beta=0.1,review,1000,0.0,0.001
0,rating,gcp,gcp-eu-west-1,50.4491,3.8184,gcp-eu-west-1-1,gcp-eu-west-1-1,KOSS,beta=0.9,review,10,0.0,0.0009324009324009324
0,rating,gcp,gcp-eu-west-1,50.4491,3.8184,gcp-eu-west-1-1,gcp-eu-west-1-1,KOSS,beta=0.9,review,60,0.0,0.000966183574879227
0,rating,gcp,gcp-eu-west-1,50.4491,3.8184,gcp-eu-west-1-1,gcp-eu-west-1-1,KOSS,beta=0.9,review,300,0.0,0.0005555555555555556
0,rating,gcp,gcp-eu-west-1,50.4491,3.8184,gcp-eu-west-1-1,gcp-eu-west-1-1,KOSS,beta=0.9,review,600,0.0,0.0005555555555555556
0,rating,gcp,gcp-eu-west-1,50.4491,3.8184,gcp-eu-west-1-1,gcp-eu-west-1-1,KOSS,beta=0.9,review,1000,0.0,0.0006666666666666666
0,rating,gcp,gcp-us-west-1,43.8041,-120.5542,aws-sa-east-1-1,gcp-us-west-1-1,KOSS,beta=0.1,review,10,0.11000000000000003,174.0021001541557
0,rating,gcp,gcp-us-west-1,43.8041,-120.5542,aws-sa-east-1-1,gcp-us-west-1-1,KOSS,beta=0.1,review,60,0.11000000000000003,174.00217624669756
0,rating,gcp,gcp-us-west-1,43.8041,-120.5542,aws-sa-east-1-1,gcp-us-west-1-1,KOSS,beta=0.1,review,300,0.11,174.0
0,rating,gcp,gcp-us-west-1,43.8041,-120.5542,aws-sa-east-1-1,gcp-us-west-1-1,KOSS,beta=0.1,review,600,0.11,174.0
0,rating,gcp,gcp-us-west-1,43.8041,-120.5542,aws-sa-east-1-1,gcp-us-west-1-1,KOSS,beta=0.1,review,1000,0.11,174.0
0,rating,gcp,gcp-us-west-1,43.8041,-120.5542,aws-sa-east-1-1,gcp-us-west-1-1,KOSS,beta=0.9,review,10,0.11000000000000003,174.0021001541557
0,rating,gcp,gcp-us-west-1,43.8041,-120.5542,aws-sa-east-1-1,gcp-us-west-1-1,KOSS,beta=0.9,review,60,0.11000000000000003,174.00217624669756
0,rating,gcp,gcp-us-west-1,43.8041,-120.5542,aws-sa-east-1-1,gcp-us-west-1-1,KOSS,beta=0.9,review,300,0.11,174.0
0,rating,gcp,gcp-us-west-1,43.8041,-120.5542,aws-sa-east-1-1,gcp-us-west-1-1,KOSS,beta=0.9,review,600,0.11,174.0
0,rating,gcp,gcp-us-west-1,43.8041,-120.5542,aws-sa-east-1-1,gcp-us-west-1-1,KOSS,beta=0.9,review,1000,0.11,174.0
0,rating,gcp,gcp-us-west-1,43.8041,-120.5542,aws-us-east-1-1,gcp-us-west-1-1,KOSS,beta=0.1,review,10,0.11000000000000004,63.00178314568888
0,rating,gcp,gcp-us-west-1,43.8041,-120.5542,aws-us-east-1-1,gcp-us-west-1-1,KOSS,beta=0.1,review,60,0.11000000000000004,63.001847752416744
0,rating,gcp,gcp-us-west-1,43.8041,-120.5542,aws-us-east-1-1,gcp-us-west-1-1,KOSS,beta=0.1,review,300,0.11000000000000004,63.00212339420653
0,rating,gcp,gcp-us-west-1,43.8041,-120.5542,aws-us-east-1-1,gcp-us-west-1-1,KOSS,beta=0.1,review,600,0.11000000000000004,63.00212339420653
0,rating,gcp,gcp-us-west-1,43.8041,-120.5542,aws-us-east-1-1,gcp-us-west-1-1,KOSS,beta=0.1,review,1000,0.11000000000000003,63.002548073047834
0,rating,gcp,gcp-us-west-1,43.8041,-120.5542,aws-us-east-1-1,gcp-us-west-1-1,KOSS,beta=0.9,review,10,0.11000000000000004,63.002318564640426
0,rating,gcp,gcp-us-west-1,43.8041,-120.5542,aws-us-east-1-1,gcp-us-west-1-1,KOSS,beta=0.9,review,60,0.11000000000000003,63.00239115322033
0,rating,gcp,gcp-us-west-1,43.8041,-120.5542,aws-us-east-1-1,gcp-us-west-1-1,KOSS,beta=0.9,review,300,0.11000000000000004,63.004104397883616
0,rating,gcp,gcp-us-west-1,43.8041,-120.5542,aws-us-east-1-1,gcp-us-west-1-1,KOSS,beta=0.9,review,600,0.11000000000000004,63.003976135449754
0,rating,gcp,gcp-us-west-1,43.8041,-120.5542,aws-us-east-1-1,gcp-us-west-1-1,KOSS,beta=0.9,review,1000,0.11000000000000004,63.00381709003176
0,review,aws,aws-sa-east-1,-23.5505,-46.6333,aws-sa-east-1-1,aws-sa-east-1-1,KOSS,beta=0.1,product_page,10,0.07999999999999999,0.0013986013986013986
0,review,aws,aws-sa-east-1,-23.5505,-46.6333,aws-sa-east-1-1,aws-sa-east-1-1,KOSS,beta=0.1,product_page,60,0.07999999999999999,0.0014492753623188406
0,review,aws,aws-sa-east-1,-23.5505,-46.6333,aws-sa-east-1-1,aws-sa-east-1-1,KOSS,beta=0.1,product_page,300,0.07999999999999999,0.0016666666666666668
0,review,aws,aws-sa-east-1,-23.5505,-46.6333,aws-sa-east-1-1,aws-sa-east-1-1,KOSS,beta=0.1,product_page,600,0.07999999999999999,0.0016666666666666668
0,review,aws,aws-sa-east-1,-23.5505,-46.6333,aws-sa-east-1-1,aws-sa-east-1-1,KOSS,beta=0.1,product_page,1000,0.07999999999999997,0.002
0,review,aws,aws-sa-east-1,-23.5505,-46.6333,aws-sa-east-1-1,aws-sa-east-1-1,KOSS,beta=0.9,product_page,10,0.07999999999999999,0.0013986013986013986
0,review,aws,aws-sa-east-1,-23.5505,-46.6333,aws-sa-east-1-1,aws-sa-east-1-1,KOSS,beta=0.9,product_page,60,0.07999999999999999,0.0014492753623188406
0,review,aws,aws-sa-east-1,-23.5505,-46.6333,aws-sa-east-1-1,aws-sa-east-1-1,KOSS,beta=0.9,product_page,300,0.07999999999999999,0.0016666666666666668
0,review,aws,aws-sa-east-1,-23.5505,-46.6333,aws-sa-east-1-1,aws-sa-east-1-1,KOSS,beta=0.9,product_page,600,0.07999999999999999,0.0016666666666666668
0,review,aws,aws-sa-east-1,-23.5505,-46.6333,aws-sa-east-1-1,aws-sa-east-1-1,KOSS,beta=0.9,product_page,1000,0.07999999999999997,0.002
0,review,aws,aws-us-east-1,37.926868,-78.024902,aws-us-east-1-1,aws-us-east-1-1,KOSS,beta=0.1,product_page,10,0.05,0.0013986013986013986
0,review,aws,aws-us-east-1,37.926868,-78.024902,aws-us-east-1-1,aws-us-east-1-1,KOSS,beta=0.1,product_page,60,0.05,0.0014492753623188406
0,review,aws,aws-us-east-1,37.926868,-78.024902,aws-us-east-1-1,aws-us-east-1-1,KOSS,beta=0.1,product_page,300,0.04999999999999999,0.0016666666666666668
0,review,aws,aws-us-east-1,37.926868,-78.024902,aws-us-east-1-1,aws-us-east-1-1,KOSS,beta=0.1,product_page,600,0.05,0.0016666666666666668
0,review,aws,aws-us-east-1,37.926868,-78.024902,aws-us-east-1-1,aws-us-east-1-1,KOSS,beta=0.1,product_page,1000,0.049999999999999996,0.002
0,review,aws,aws-us-east-1,37.926868,-78.024902,aws-us-east-1-1,aws-us-east-1-1,KOSS,beta=0.9,product_page,10,0.05,0.0013986013986013986
0,review,aws,aws-us-east-1,37.926868,-78.024902,aws-us-east-1-1,aws-us-east-1-1,KOSS,beta=0.9,product_page,60,0.05,0.0014492753623188406
0,review,aws,aws-us-east-1,37.926868,-78.024902,aws-us-east-1-1,aws-us-east-1-1,KOSS,beta=0.9,product_page,300,0.04999999999999999,0.0016666666666666668
0,review,aws,aws-us-east-1,37.926868,-78.024902,aws-us-east-1-1,aws-us-east-1-1,KOSS,beta=0.9,product_page,600,0.05,0.0016666666666666668
0,review,aws,aws-us-east-1,37.926868,-78.024902,aws-us-east-1-1,aws-us-east-1-1,KOSS,beta=0.9,product_page,1000,0.049999999999999996,0.002
0,review,aws,aws-us-east-1,37.926868,-78.024902,gcp-asia-east-1-1,aws-us-east-1-1,KOSS,beta=0.1,product_page,10,0.09,177.0
0,review,aws,aws-us-east-1,37.926868,-78.024902,gcp-asia-east-1-1,aws-us-east-1-1,KOSS,beta=0.1,product_page,60,0.08999999999999998,177.0
0,review,aws,aws-us-east-1,37.926868,-78.024902,gcp-asia-east-1-1,aws-us-east-1-1,KOSS,beta=0.1,product_page,300,0.08999999999999997,177.0
0,review,aws,aws-us-east-1,37.926868,-78.024902,gcp-asia-east-1-1,aws-us-east-1-1,KOSS,beta=0.1,product_page,600,0.08999999999999997,177.0
0,review,aws,aws-us-east-1,37.926868,-78.024902,gcp-asia-east-1-1,aws-us-east-1-1,KOSS,beta=0.1,product_page,1000,0.09,177.0
0,review,aws,aws-us-east-1,37.926868,-78.024902,gcp-us-west-1-1,aws-us-east-1-1,KOSS,beta=0.1,product_page,10,0.09,62.00169029673735
0,review,aws,aws-us-east-1,37.926868,-78.024902,gcp-us-west-1-1,aws-us-east-1-1,KOSS,beta=0.1,product_page,60,0.08999999999999998,62.00175153937276
0,review,aws,aws-us-east-1,37.926868,-78.024902,gcp-us-west-1-1,aws-us-east-1-1,KOSS,beta=0.1,product_page,300,0.08999999999999997,62.00201427027867
0,review,aws,aws-us-east-1,37.926868,-78.024902,gcp-us-west-1-1,aws-us-east-1-1,KOSS,beta=0.1,product_page,600,0.08999999999999997,62.00201427027867
0,review,aws,aws-us-east-1,37.926868,-78.024902,gcp-us-west-1-1,aws-us-east-1-1,KOSS,beta=0.1,product_page,1000,0.09,62.00241712433441
0,review,aws,aws-us-east-1,37.926868,-78.024902,gcp-us-west-1-1,aws-us-east-1-1,KOSS,beta=0.9,product_page,10,0.09,62.0
0,review,aws,aws-us-east-1,37.926868,-78.024902,gcp-us-west-1-1,aws-us-east-1-1,KOSS,beta=0.9,product_page,60,0.09,62.0
0,review,aws,aws-us-east-1,37.926868,-78.024902,gcp-us-west-1-1,aws-us-east-1-1,KOSS,beta=0.9,product_page,300,0.09,62.00364733781473
0,review,aws,aws-us-east-1,37.926868,-78.024902,gcp-us-west-1-1,aws-us-east-1-1,KOSS,beta=0.9,product_page,600,0.09,62.00334339299684
0,review,aws,aws-us-east-1,37.926868,-78.024902,gcp-us-west-1-1,aws-us-east-1-1,KOSS,beta=0.9,product_page,1000,0.09,62.00240724295772
0,review,gcp,gcp-eu-west-1,50.4491,3.8184,gcp-asia-east-1-1,gcp-eu-west-1-1,KOSS,beta=0.1,product_page,10,0.04000000000000001,272.0
0,review,gcp,gcp-eu-west-1,50.4491,3.8184,gcp-asia-east-1-1,gcp-eu-west-1-1,KOSS,beta=0.1,product_page,60,0.04,272.0
0,review,gcp,gcp-eu-west-1,50.4491,3.8184,gcp-asia-east-1-1,gcp-eu-west-1-1,KOSS,beta=0.1,product_page,300,0.04,272.0
0,review,gcp,gcp-eu-west-1,50.4491,3.8184,gcp-asia-east-1-1,gcp-eu-west-1-1,KOSS,beta=0.1,product_page,600,0.04,272.0
0,review,gcp,gcp-eu-west-1,50.4491,3.8184,gcp-asia-east-1-1,gcp-eu-west-1-1,KOSS,beta=0.1,product_page,1000,0.04,272.0011557653086
0,review,gcp,gcp-eu-west-1,50.4491,3.8184,gcp-asia-east-1-1,gcp-eu-west-1-1,KOSS,beta=0.9,product_page,10,0.04000000000000001,272.0008341535383
0,review,gcp,gcp-eu-west-1,50.4491,3.8184,gcp-asia-east-1-1,gcp-eu-west-1-1,KOSS,beta=0.9,product_page,60,0.04,272.00086437649253
0,review,gcp,gcp-eu-west-1,50.4491,3.8184,gcp-asia-east-1-1,gcp-eu-west-1-1,KOSS,beta=0.9,product_page,300,0.04,272.00099403296645
0,review,gcp,gcp-eu-west-1,50.4491,3.8184,gcp-asia-east-1-1,gcp-eu-west-1-1,KOSS,beta=0.9,product_page,600,0.04,272.00099403296645
0,review,gcp,gcp-eu-west-1,50.4491,3.8184,gcp-asia-east-1-1,gcp-eu-west-1-1,KOSS,beta=0.9,product_page,1000,0.04,272.00119283955974
0,review,gcp,gcp-eu-west-1,50.4491,3.8184,gcp-eu-west-1-1,gcp-eu-west-1-1,KOSS,beta=0.1,product_page,10,0.0,0.0
0,review,gcp,gcp-eu-west-1,50.4491,3.8184,gcp-eu-west-1-1,gcp-eu-west-1-1,KOSS,beta=0.1,product_page,60,0.0,0.0
0,review,gcp,gcp-eu-west-1,50.4491,3.8184,gcp-eu-west-1-1,gcp-eu-west-1-1,KOSS,beta=0.1,product_page,300,0.0,0.0
0,review,gcp,gcp-eu-west-1,50.4491,3.8184,gcp-eu-west-1-1,gcp-eu-west-1-1,KOSS,beta=0.1,product_page,600,0.0,0.0
0,review,gcp,gcp-eu-west-1,50.4491,3.8184,gcp-eu-west-1-1,gcp-eu-west-1-1,KOSS,beta=0.1,product_page,1000,0.0,0.0
0,review,gcp,gcp-eu-west-1,50.4491,3.8184,gcp-eu-west-1-1,gcp-eu-west-1-1,KOSS,beta=0.9,product_page,10,0.0,0.0
0,review,gcp,gcp-eu-west-1,50.4491,3.8184,gcp-eu-west-1-1,gcp-eu-west-1-1,KOSS,beta=0.9,product_page,60,0.0,0.0
0,review,gcp,gcp-eu-west-1,50.4491,3.8184,gcp-eu-west-1-1,gcp-eu-west-1-1,KOSS,beta=0.9,product_page,300,0.0,0.0
0,review,gcp,gcp-eu-west-1,50.4491,3.8184,gcp-eu-west-1-1,gcp-eu-west-1-1,KOSS,beta=0.9,product_page,600,0.0,0.0
0,review,gcp,gcp-eu-west-1,50.4491,3.8184,gcp-eu-west-1-1,gcp-eu-west-1-1,KOSS,beta=0.9,product_page,1000,0.0,0.0
0,review,gcp,gcp-eu-west-1,50.4491,3.8184,gcp-us-west-1-1,gcp-eu-west-1-1,KOSS,beta=0.9,product_page,10,0.04,177.0048255245566
0,review,gcp,gcp-eu-west-1,50.4491,3.8184,gcp-us-west-1-1,gcp-eu-west-1-1,KOSS,beta=0.9,product_page,60,0.04,177.00500036240285
0,review,gcp,gcp-eu-west-1,50.4491,3.8184,gcp-us-west-1-1,gcp-eu-west-1-1,KOSS,beta=0.9,product_page,300,0.04,177.0
0,review,gcp,gcp-eu-west-1,50.4491,3.8184,gcp-us-west-1-1,gcp-eu-west-1-1,KOSS,beta=0.9,product_page,600,0.04,177.0
0,review,gcp,gcp-eu-west-1,50.4491,3.8184,gcp-us-west-1-1,gcp-eu-west-1-1,KOSS,beta=0.9,product_page,1000,0.04,177.0
