,job_type,cloud_provider,cluster_name,lat,lon,source_zone_id,target_zone_id,load_balance,cost_mix,gb_price,latency
0,details,aws,aws-us-east-1,37.926868,-78.024902,aws-sa-east-1-1,aws-us-east-1-1,KOSS,beta=0.99,0.020000000000000004,119.0
0,details,aws,aws-us-east-1,37.926868,-78.024902,aws-sa-east-1-1,aws-us-east-1-1,RR,beta=0.01,0.020000000000000004,119.0
0,details,aws,aws-us-east-1,37.926868,-78.024902,aws-sa-east-1-1,aws-us-east-1-1,RR,beta=0.1,0.020000000000000004,119.0
0,details,aws,aws-us-east-1,37.926868,-78.024902,aws-sa-east-1-1,aws-us-east-1-1,RR,beta=0.2,0.020000000000000004,119.0
0,details,aws,aws-us-east-1,37.926868,-78.024902,aws-sa-east-1-1,aws-us-east-1-1,RR,beta=0.3,0.020000000000000004,119.0
0,details,aws,aws-us-east-1,37.926868,-78.024902,aws-sa-east-1-1,aws-us-east-1-1,RR,beta=0.4,0.020000000000000004,119.0
0,details,aws,aws-us-east-1,37.926868,-78.024902,aws-sa-east-1-1,aws-us-east-1-1,RR,beta=0.5,0.020000000000000004,119.0
0,details,aws,aws-us-east-1,37.926868,-78.024902,aws-sa-east-1-1,aws-us-east-1-1,RR,beta=0.6,0.020000000000000004,119.0
0,details,aws,aws-us-east-1,37.926868,-78.024902,aws-sa-east-1-1,aws-us-east-1-1,RR,beta=0.7,0.020000000000000004,119.0
0,details,aws,aws-us-east-1,37.926868,-78.024902,aws-sa-east-1-1,aws-us-east-1-1,RR,beta=0.8,0.020000000000000004,119.0
0,details,aws,aws-us-east-1,37.926868,-78.024902,aws-sa-east-1-1,aws-us-east-1-1,RR,beta=0.9,0.020000000000000004,119.0
0,details,aws,aws-us-east-1,37.926868,-78.024902,aws-sa-east-1-1,aws-us-east-1-1,RR,beta=0.99,0.020000000000000004,119.0
0,details,aws,aws-us-east-1,37.926868,-78.024902,aws-sa-east-1-1,aws-us-east-1-1,WRR,beta=0.01,0.020000000000000004,119.0
0,details,aws,aws-us-east-1,37.926868,-78.024902,aws-sa-east-1-1,aws-us-east-1-1,WRR,beta=0.1,0.020000000000000004,119.0
0,details,aws,aws-us-east-1,37.926868,-78.024902,aws-sa-east-1-1,aws-us-east-1-1,WRR,beta=0.2,0.020000000000000004,119.0
0,details,aws,aws-us-east-1,37.926868,-78.024902,aws-sa-east-1-1,aws-us-east-1-1,WRR,beta=0.3,0.020000000000000004,119.0
0,details,aws,aws-us-east-1,37.926868,-78.024902,aws-sa-east-1-1,aws-us-east-1-1,WRR,beta=0.4,0.020000000000000004,119.0
0,details,aws,aws-us-east-1,37.926868,-78.024902,aws-sa-east-1-1,aws-us-east-1-1,WRR,beta=0.5,0.020000000000000004,119.0
0,details,aws,aws-us-east-1,37.926868,-78.024902,aws-sa-east-1-1,aws-us-east-1-1,WRR,beta=0.6,0.020000000000000004,119.0
0,details,aws,aws-us-east-1,37.926868,-78.024902,aws-sa-east-1-1,aws-us-east-1-1,WRR,beta=0.7,0.020000000000000004,119.0
0,details,aws,aws-us-east-1,37.926868,-78.024902,aws-sa-east-1-1,aws-us-east-1-1,WRR,beta=0.8,0.020000000000000004,119.0
0,details,aws,aws-us-east-1,37.926868,-78.024902,aws-sa-east-1-1,aws-us-east-1-1,WRR,beta=0.9,0.020000000000000004,119.0
0,details,aws,aws-us-east-1,37.926868,-78.024902,aws-sa-east-1-1,aws-us-east-1-1,WRR,beta=0.99,0.020000000000000004,119.0
0,details,aws,aws-us-east-1,37.926868,-78.024902,aws-us-east-1-1,aws-us-east-1-1,KOSS,beta=0.01,0.010000000000000002,0.0
0,details,aws,aws-us-east-1,37.926868,-78.024902,aws-us-east-1-1,aws-us-east-1-1,KOSS,beta=0.1,0.010000000000000002,0.0
0,details,aws,aws-us-east-1,37.926868,-78.024902,aws-us-east-1-1,aws-us-east-1-1,KOSS,beta=0.2,0.010000000000000002,0.0
0,details,aws,aws-us-east-1,37.926868,-78.024902,aws-us-east-1-1,aws-us-east-1-1,KOSS,beta=0.3,0.010000000000000002,0.0
0,details,aws,aws-us-east-1,37.926868,-78.024902,aws-us-east-1-1,aws-us-east-1-1,KOSS,beta=0.4,0.010000000000000002,0.0
0,details,aws,aws-us-east-1,37.926868,-78.024902,aws-us-east-1-1,aws-us-east-1-1,KOSS,beta=0.5,0.010000000000000002,0.0
0,details,aws,aws-us-east-1,37.926868,-78.024902,aws-us-east-1-1,aws-us-east-1-1,KOSS,beta=0.6,0.010000000000000002,0.0
0,details,aws,aws-us-east-1,37.926868,-78.024902,aws-us-east-1-1,aws-us-east-1-1,KOSS,beta=0.7,0.010000000000000002,0.0
0,details,aws,aws-us-east-1,37.926868,-78.024902,aws-us-east-1-1,aws-us-east-1-1,KOSS,beta=0.8,0.010000000000000002,0.0
0,details,aws,aws-us-east-1,37.926868,-78.024902,aws-us-east-1-1,aws-us-east-1-1,KOSS,beta=0.9,0.010000000000000002,0.0
0,details,aws,aws-us-east-1,37.926868,-78.024902,aws-us-east-1-1,aws-us-east-1-1,KOSS,beta=0.99,0.010000000000000002,0.0
0,details,aws,aws-us-east-1,37.926868,-78.024902,aws-us-east-1-1,aws-us-east-1-1,RR,beta=0.01,0.010000000000000002,0.0
0,details,aws,aws-us-east-1,37.926868,-78.024902,aws-us-east-1-1,aws-us-east-1-1,RR,beta=0.1,0.010000000000000002,0.0
0,details,aws,aws-us-east-1,37.926868,-78.024902,aws-us-east-1-1,aws-us-east-1-1,RR,beta=0.2,0.010000000000000002,0.0
0,details,aws,aws-us-east-1,37.926868,-78.024902,aws-us-east-1-1,aws-us-east-1-1,RR,beta=0.3,0.010000000000000002,0.0
0,details,aws,aws-us-east-1,37.926868,-78.024902,aws-us-east-1-1,aws-us-east-1-1,RR,beta=0.4,0.010000000000000002,0.0
0,details,aws,aws-us-east-1,37.926868,-78.024902,aws-us-east-1-1,aws-us-east-1-1,RR,beta=0.5,0.010000000000000002,0.0
0,details,aws,aws-us-east-1,37.926868,-78.024902,aws-us-east-1-1,aws-us-east-1-1,RR,beta=0.6,0.010000000000000002,0.0
0,details,aws,aws-us-east-1,37.926868,-78.024902,aws-us-east-1-1,aws-us-east-1-1,RR,beta=0.7,0.010000000000000002,0.0
0,details,aws,aws-us-east-1,37.926868,-78.024902,aws-us-east-1-1,aws-us-east-1-1,RR,beta=0.8,0.010000000000000002,0.0
0,details,aws,aws-us-east-1,37.926868,-78.024902,aws-us-east-1-1,aws-us-east-1-1,RR,beta=0.9,0.010000000000000002,0.0
0,details,aws,aws-us-east-1,37.926868,-78.024902,aws-us-east-1-1,aws-us-east-1-1,RR,beta=0.99,0.010000000000000002,0.0
0,details,aws,aws-us-east-1,37.926868,-78.024902,aws-us-east-1-1,aws-us-east-1-1,WRR,beta=0.01,0.010000000000000002,0.0
0,details,aws,aws-us-east-1,37.926868,-78.024902,aws-us-east-1-1,aws-us-east-1-1,WRR,beta=0.1,0.010000000000000002,0.0
0,details,aws,aws-us-east-1,37.926868,-78.024902,aws-us-east-1-1,aws-us-east-1-1,WRR,beta=0.2,0.010000000000000002,0.0
0,details,aws,aws-us-east-1,37.926868,-78.024902,aws-us-east-1-1,aws-us-east-1-1,WRR,beta=0.3,0.010000000000000002,0.0
0,details,aws,aws-us-east-1,37.926868,-78.024902,aws-us-east-1-1,aws-us-east-1-1,WRR,beta=0.4,0.010000000000000002,0.0
0,details,aws,aws-us-east-1,37.926868,-78.024902,aws-us-east-1-1,aws-us-east-1-1,WRR,beta=0.5,0.010000000000000002,0.0
0,details,aws,aws-us-east-1,37.926868,-78.024902,aws-us-east-1-1,aws-us-east-1-1,WRR,beta=0.6,0.010000000000000002,0.0
0,details,aws,aws-us-east-1,37.926868,-78.024902,aws-us-east-1-1,aws-us-east-1-1,WRR,beta=0.7,0.010000000000000002,0.0
0,details,aws,aws-us-east-1,37.926868,-78.024902,aws-us-east-1-1,aws-us-east-1-1,WRR,beta=0.8,0.010000000000000002,0.0
0,details,aws,aws-us-east-1,37.926868,-78.024902,aws-us-east-1-1,aws-us-east-1-1,WRR,beta=0.9,0.010000000000000002,0.0
0,details,aws,aws-us-east-1,37.926868,-78.024902,aws-us-east-1-1,aws-us-east-1-1,WRR,beta=0.99,0.010000000000000002,0.0
0,details,aws,aws-us-east-1,37.926868,-78.024902,aws-us-west-2-1,aws-us-east-1-1,KOSS,beta=0.1,0.020000000000000004,77.0
0,details,aws,aws-us-east-1,37.926868,-78.024902,aws-us-west-2-1,aws-us-east-1-1,KOSS,beta=0.2,0.020000000000000004,77.0
0,details,aws,aws-us-east-1,37.926868,-78.024902,aws-us-west-2-1,aws-us-east-1-1,KOSS,beta=0.3,0.020000000000000004,77.0
0,details,aws,aws-us-east-1,37.926868,-78.024902,aws-us-west-2-1,aws-us-east-1-1,KOSS,beta=0.4,0.020000000000000004,77.0
0,details,aws,aws-us-east-1,37.926868,-78.024902,aws-us-west-2-1,aws-us-east-1-1,KOSS,beta=0.5,0.020000000000000004,77.0
0,details,aws,aws-us-east-1,37.926868,-78.024902,aws-us-west-2-1,aws-us-east-1-1,KOSS,beta=0.6,0.020000000000000004,77.0
0,details,aws,aws-us-east-1,37.926868,-78.024902,aws-us-west-2-1,aws-us-east-1-1,KOSS,beta=0.7,0.020000000000000004,77.0
0,details,aws,aws-us-east-1,37.926868,-78.024902,aws-us-west-2-1,aws-us-east-1-1,KOSS,beta=0.8,0.020000000000000004,77.0
0,details,aws,aws-us-east-1,37.926868,-78.024902,aws-us-west-2-1,aws-us-east-1-1,KOSS,beta=0.9,0.020000000000000004,77.0
0,details,aws,aws-us-east-1,37.926868,-78.024902,aws-us-west-2-1,aws-us-east-1-1,KOSS,beta=0.99,0.020000000000000004,77.0
0,details,aws,aws-us-east-1,37.926868,-78.024902,aws-us-west-2-1,aws-us-east-1-1,RR,beta=0.01,0.020000000000000004,77.0
0,details,aws,aws-us-east-1,37.926868,-78.024902,aws-us-west-2-1,aws-us-east-1-1,RR,beta=0.1,0.020000000000000004,77.0
0,details,aws,aws-us-east-1,37.926868,-78.024902,aws-us-west-2-1,aws-us-east-1-1,RR,beta=0.2,0.020000000000000004,77.0
0,details,aws,aws-us-east-1,37.926868,-78.024902,aws-us-west-2-1,aws-us-east-1-1,RR,beta=0.3,0.020000000000000004,77.0
0,details,aws,aws-us-east-1,37.926868,-78.024902,aws-us-west-2-1,aws-us-east-1-1,RR,beta=0.4,0.020000000000000004,77.0
0,details,aws,aws-us-east-1,37.926868,-78.024902,aws-us-west-2-1,aws-us-east-1-1,RR,beta=0.5,0.020000000000000004,77.0
0,details,aws,aws-us-east-1,37.926868,-78.024902,aws-us-west-2-1,aws-us-east-1-1,RR,beta=0.6,0.020000000000000004,77.0
0,details,aws,aws-us-east-1,37.926868,-78.024902,aws-us-west-2-1,aws-us-east-1-1,RR,beta=0.7,0.020000000000000004,77.0
0,details,aws,aws-us-east-1,37.926868,-78.024902,aws-us-west-2-1,aws-us-east-1-1,RR,beta=0.8,0.020000000000000004,77.0
0,details,aws,aws-us-east-1,37.926868,-78.024902,aws-us-west-2-1,aws-us-east-1-1,RR,beta=0.9,0.020000000000000004,77.0
0,details,aws,aws-us-east-1,37.926868,-78.024902,aws-us-west-2-1,aws-us-east-1-1,RR,beta=0.99,0.020000000000000004,77.0
0,details,aws,aws-us-east-1,37.926868,-78.024902,aws-us-west-2-1,aws-us-east-1-1,WRR,beta=0.01,0.020000000000000004,77.0
0,details,aws,aws-us-east-1,37.926868,-78.024902,aws-us-west-2-1,aws-us-east-1-1,WRR,beta=0.1,0.020000000000000004,77.0
0,details,aws,aws-us-east-1,37.926868,-78.024902,aws-us-west-2-1,aws-us-east-1-1,WRR,beta=0.2,0.020000000000000004,77.0
0,details,aws,aws-us-east-1,37.926868,-78.024902,aws-us-west-2-1,aws-us-east-1-1,WRR,beta=0.3,0.020000000000000004,77.0
0,details,aws,aws-us-east-1,37.926868,-78.024902,aws-us-west-2-1,aws-us-east-1-1,WRR,beta=0.4,0.020000000000000004,77.0
0,details,aws,aws-us-east-1,37.926868,-78.024902,aws-us-west-2-1,aws-us-east-1-1,WRR,beta=0.5,0.020000000000000004,77.0
0,details,aws,aws-us-east-1,37.926868,-78.024902,aws-us-west-2-1,aws-us-east-1-1,WRR,beta=0.6,0.020000000000000004,77.0
0,details,aws,aws-us-east-1,37.926868,-78.024902,aws-us-west-2-1,aws-us-east-1-1,WRR,beta=0.7,0.020000000000000004,77.0
0,details,aws,aws-us-east-1,37.926868,-78.024902,aws-us-west-2-1,aws-us-east-1-1,WRR,beta=0.8,0.020000000000000004,77.0
0,details,aws,aws-us-east-1,37.926868,-78.024902,aws-us-west-2-1,aws-us-east-1-1,WRR,beta=0.9,0.020000000000000004,77.0
0,details,aws,aws-us-east-1,37.926868,-78.024902,aws-us-west-2-1,aws-us-east-1-1,WRR,beta=0.99,0.020000000000000004,77.0
0,details,gcp,gcp-northamerica-northeast-1,45.5017,-73.5673,aws-sa-east-1-1,gcp-northamerica-northeast-1-1,RR,beta=0.01,0.11000000000000004,142.0
0,details,gcp,gcp-northamerica-northeast-1,45.5017,-73.5673,aws-sa-east-1-1,gcp-northamerica-northeast-1-1,RR,beta=0.1,0.11000000000000004,142.0
0,details,gcp,gcp-northamerica-northeast-1,45.5017,-73.5673,aws-sa-east-1-1,gcp-northamerica-northeast-1-1,RR,beta=0.2,0.11000000000000004,142.0
0,details,gcp,gcp-northamerica-northeast-1,45.5017,-73.5673,aws-sa-east-1-1,gcp-northamerica-northeast-1-1,RR,beta=0.3,0.11000000000000004,142.0
0,details,gcp,gcp-northamerica-northeast-1,45.5017,-73.5673,aws-sa-east-1-1,gcp-northamerica-northeast-1-1,RR,beta=0.4,0.11000000000000004,142.0
0,details,gcp,gcp-northamerica-northeast-1,45.5017,-73.5673,aws-sa-east-1-1,gcp-northamerica-northeast-1-1,RR,beta=0.5,0.11000000000000004,142.0
0,details,gcp,gcp-northamerica-northeast-1,45.5017,-73.5673,aws-sa-east-1-1,gcp-northamerica-northeast-1-1,RR,beta=0.6,0.11000000000000004,142.0
0,details,gcp,gcp-northamerica-northeast-1,45.5017,-73.5673,aws-sa-east-1-1,gcp-northamerica-northeast-1-1,RR,beta=0.7,0.11000000000000004,142.0
0,details,gcp,gcp-northamerica-northeast-1,45.5017,-73.5673,aws-sa-east-1-1,gcp-northamerica-northeast-1-1,RR,beta=0.8,0.11000000000000004,142.0
0,details,gcp,gcp-northamerica-northeast-1,45.5017,-73.5673,aws-sa-east-1-1,gcp-northamerica-northeast-1-1,RR,beta=0.9,0.11000000000000004,142.0
0,details,gcp,gcp-northamerica-northeast-1,45.5017,-73.5673,aws-sa-east-1-1,gcp-northamerica-northeast-1-1,RR,beta=0.99,0.11000000000000004,142.0
0,details,gcp,gcp-northamerica-northeast-1,45.5017,-73.5673,aws-sa-east-1-1,gcp-northamerica-northeast-1-1,WRR,beta=0.01,0.11000000000000004,142.0
0,details,gcp,gcp-northamerica-northeast-1,45.5017,-73.5673,aws-sa-east-1-1,gcp-northamerica-northeast-1-1,WRR,beta=0.1,0.11000000000000004,142.0
0,details,gcp,gcp-northamerica-northeast-1,45.5017,-73.5673,aws-sa-east-1-1,gcp-northamerica-northeast-1-1,WRR,beta=0.2,0.11000000000000004,142.0
0,details,gcp,gcp-northamerica-northeast-1,45.5017,-73.5673,aws-sa-east-1-1,gcp-northamerica-northeast-1-1,WRR,beta=0.3,0.11000000000000004,142.0
0,details,gcp,gcp-northamerica-northeast-1,45.5017,-73.5673,aws-sa-east-1-1,gcp-northamerica-northeast-1-1,WRR,beta=0.4,0.11000000000000004,142.0
0,details,gcp,gcp-northamerica-northeast-1,45.5017,-73.5673,aws-sa-east-1-1,gcp-northamerica-northeast-1-1,WRR,beta=0.5,0.11000000000000004,142.0
0,details,gcp,gcp-northamerica-northeast-1,45.5017,-73.5673,aws-sa-east-1-1,gcp-northamerica-northeast-1-1,WRR,beta=0.6,0.11000000000000004,142.0
0,details,gcp,gcp-northamerica-northeast-1,45.5017,-73.5673,aws-sa-east-1-1,gcp-northamerica-northeast-1-1,WRR,beta=0.7,0.11000000000000004,142.0
0,details,gcp,gcp-northamerica-northeast-1,45.5017,-73.5673,aws-sa-east-1-1,gcp-northamerica-northeast-1-1,WRR,beta=0.8,0.11000000000000004,142.0
0,details,gcp,gcp-northamerica-northeast-1,45.5017,-73.5673,aws-sa-east-1-1,gcp-northamerica-northeast-1-1,WRR,beta=0.9,0.11000000000000004,142.0
0,details,gcp,gcp-northamerica-northeast-1,45.5017,-73.5673,aws-sa-east-1-1,gcp-northamerica-northeast-1-1,WRR,beta=0.99,0.11000000000000004,142.0
0,details,gcp,gcp-northamerica-northeast-1,45.5017,-73.5673,aws-us-west-2-1,gcp-northamerica-northeast-1-1,KOSS,beta=0.01,0.11000000000000004,69.0
0,details,gcp,gcp-northamerica-northeast-1,45.5017,-73.5673,aws-us-west-2-1,gcp-northamerica-northeast-1-1,RR,beta=0.01,0.11000000000000004,69.0
0,details,gcp,gcp-northamerica-northeast-1,45.5017,-73.5673,aws-us-west-2-1,gcp-northamerica-northeast-1-1,RR,beta=0.1,0.11000000000000004,69.0
0,details,gcp,gcp-northamerica-northeast-1,45.5017,-73.5673,aws-us-west-2-1,gcp-northamerica-northeast-1-1,RR,beta=0.2,0.11000000000000004,69.0
0,details,gcp,gcp-northamerica-northeast-1,45.5017,-73.5673,aws-us-west-2-1,gcp-northamerica-northeast-1-1,RR,beta=0.3,0.11000000000000004,69.0
0,details,gcp,gcp-northamerica-northeast-1,45.5017,-73.5673,aws-us-west-2-1,gcp-northamerica-northeast-1-1,RR,beta=0.4,0.11000000000000004,69.0
0,details,gcp,gcp-northamerica-northeast-1,45.5017,-73.5673,aws-us-west-2-1,gcp-northamerica-northeast-1-1,RR,beta=0.5,0.11000000000000004,69.0
0,details,gcp,gcp-northamerica-northeast-1,45.5017,-73.5673,aws-us-west-2-1,gcp-northamerica-northeast-1-1,RR,beta=0.6,0.11000000000000004,69.0
0,details,gcp,gcp-northamerica-northeast-1,45.5017,-73.5673,aws-us-west-2-1,gcp-northamerica-northeast-1-1,RR,beta=0.7,0.11000000000000004,69.0
0,details,gcp,gcp-northamerica-northeast-1,45.5017,-73.5673,aws-us-west-2-1,gcp-northamerica-northeast-1-1,RR,beta=0.8,0.11000000000000004,69.0
0,details,gcp,gcp-northamerica-northeast-1,45.5017,-73.5673,aws-us-west-2-1,gcp-northamerica-northeast-1-1,RR,beta=0.9,0.11000000000000004,69.0
0,details,gcp,gcp-northamerica-northeast-1,45.5017,-73.5673,aws-us-west-2-1,gcp-northamerica-northeast-1-1,RR,beta=0.99,0.11000000000000004,69.0
0,details,gcp,gcp-northamerica-northeast-1,45.5017,-73.5673,aws-us-west-2-1,gcp-northamerica-northeast-1-1,WRR,beta=0.01,0.11000000000000004,69.0
0,details,gcp,gcp-northamerica-northeast-1,45.5017,-73.5673,aws-us-west-2-1,gcp-northamerica-northeast-1-1,WRR,beta=0.1,0.11000000000000004,69.0
0,details,gcp,gcp-northamerica-northeast-1,45.5017,-73.5673,aws-us-west-2-1,gcp-northamerica-northeast-1-1,WRR,beta=0.2,0.11000000000000004,69.0
0,details,gcp,gcp-northamerica-northeast-1,45.5017,-73.5673,aws-us-west-2-1,gcp-northamerica-northeast-1-1,WRR,beta=0.3,0.11000000000000004,69.0
0,details,gcp,gcp-northamerica-northeast-1,45.5017,-73.5673,aws-us-west-2-1,gcp-northamerica-northeast-1-1,WRR,beta=0.4,0.11000000000000004,69.0
0,details,gcp,gcp-northamerica-northeast-1,45.5017,-73.5673,aws-us-west-2-1,gcp-northamerica-northeast-1-1,WRR,beta=0.5,0.11000000000000004,69.0
0,details,gcp,gcp-northamerica-northeast-1,45.5017,-73.5673,aws-us-west-2-1,gcp-northamerica-northeast-1-1,WRR,beta=0.6,0.11000000000000004,69.0
0,details,gcp,gcp-northamerica-northeast-1,45.5017,-73.5673,aws-us-west-2-1,gcp-northamerica-northeast-1-1,WRR,beta=0.7,0.11000000000000004,69.0
0,details,gcp,gcp-northamerica-northeast-1,45.5017,-73.5673,aws-us-west-2-1,gcp-northamerica-northeast-1-1,WRR,beta=0.8,0.11000000000000004,69.0
0,details,gcp,gcp-northamerica-northeast-1,45.5017,-73.5673,aws-us-west-2-1,gcp-northamerica-northeast-1-1,WRR,beta=0.9,0.11000000000000004,69.0
0,details,gcp,gcp-northamerica-northeast-1,45.5017,-73.5673,aws-us-west-2-1,gcp-northamerica-northeast-1-1,WRR,beta=0.99,0.11000000000000004,69.0
0,details,gcp,gcp-northamerica-northeast-1,45.5017,-73.5673,gcp-northamerica-northeast-1-1,gcp-northamerica-northeast-1-1,KOSS,beta=0.01,0.0,0.0
0,details,gcp,gcp-northamerica-northeast-1,45.5017,-73.5673,gcp-northamerica-northeast-1-1,gcp-northamerica-northeast-1-1,KOSS,beta=0.1,0.0,0.0
0,details,gcp,gcp-northamerica-northeast-1,45.5017,-73.5673,gcp-northamerica-northeast-1-1,gcp-northamerica-northeast-1-1,KOSS,beta=0.2,0.0,0.0
0,details,gcp,gcp-northamerica-northeast-1,45.5017,-73.5673,gcp-northamerica-northeast-1-1,gcp-northamerica-northeast-1-1,KOSS,beta=0.3,0.0,0.0
0,details,gcp,gcp-northamerica-northeast-1,45.5017,-73.5673,gcp-northamerica-northeast-1-1,gcp-northamerica-northeast-1-1,KOSS,beta=0.4,0.0,0.0
0,details,gcp,gcp-northamerica-northeast-1,45.5017,-73.5673,gcp-northamerica-northeast-1-1,gcp-northamerica-northeast-1-1,KOSS,beta=0.5,0.0,0.0
0,details,gcp,gcp-northamerica-northeast-1,45.5017,-73.5673,gcp-northamerica-northeast-1-1,gcp-northamerica-northeast-1-1,KOSS,beta=0.6,0.0,0.0
0,details,gcp,gcp-northamerica-northeast-1,45.5017,-73.5673,gcp-northamerica-northeast-1-1,gcp-northamerica-northeast-1-1,KOSS,beta=0.7,0.0,0.0
0,details,gcp,gcp-northamerica-northeast-1,45.5017,-73.5673,gcp-northamerica-northeast-1-1,gcp-northamerica-northeast-1-1,KOSS,beta=0.8,0.0,0.0
0,details,gcp,gcp-northamerica-northeast-1,45.5017,-73.5673,gcp-northamerica-northeast-1-1,gcp-northamerica-northeast-1-1,KOSS,beta=0.9,0.0,0.0
0,details,gcp,gcp-northamerica-northeast-1,45.5017,-73.5673,gcp-northamerica-northeast-1-1,gcp-northamerica-northeast-1-1,KOSS,beta=0.99,0.0,0.0
0,details,gcp,gcp-northamerica-northeast-1,45.5017,-73.5673,gcp-northamerica-northeast-1-1,gcp-northamerica-northeast-1-1,RR,beta=0.01,0.0,0.0
0,details,gcp,gcp-northamerica-northeast-1,45.5017,-73.5673,gcp-northamerica-northeast-1-1,gcp-northamerica-northeast-1-1,RR,beta=0.1,0.0,0.0
0,details,gcp,gcp-northamerica-northeast-1,45.5017,-73.5673,gcp-northamerica-northeast-1-1,gcp-northamerica-northeast-1-1,RR,beta=0.2,0.0,0.0
0,details,gcp,gcp-northamerica-northeast-1,45.5017,-73.5673,gcp-northamerica-northeast-1-1,gcp-northamerica-northeast-1-1,RR,beta=0.3,0.0,0.0
0,details,gcp,gcp-northamerica-northeast-1,45.5017,-73.5673,gcp-northamerica-northeast-1-1,gcp-northamerica-northeast-1-1,RR,beta=0.4,0.0,0.0
0,details,gcp,gcp-northamerica-northeast-1,45.5017,-73.5673,gcp-northamerica-northeast-1-1,gcp-northamerica-northeast-1-1,RR,beta=0.5,0.0,0.0
0,details,gcp,gcp-northamerica-northeast-1,45.5017,-73.5673,gcp-northamerica-northeast-1-1,gcp-northamerica-northeast-1-1,RR,beta=0.6,0.0,0.0
0,details,gcp,gcp-northamerica-northeast-1,45.5017,-73.5673,gcp-northamerica-northeast-1-1,gcp-northamerica-northeast-1-1,RR,beta=0.7,0.0,0.0
0,details,gcp,gcp-northamerica-northeast-1,45.5017,-73.5673,gcp-northamerica-northeast-1-1,gcp-northamerica-northeast-1-1,RR,beta=0.8,0.0,0.0
0,details,gcp,gcp-northamerica-northeast-1,45.5017,-73.5673,gcp-northamerica-northeast-1-1,gcp-northamerica-northeast-1-1,RR,beta=0.9,0.0,0.0
0,details,gcp,gcp-northamerica-northeast-1,45.5017,-73.5673,gcp-northamerica-northeast-1-1,gcp-northamerica-northeast-1-1,RR,beta=0.99,0.0,0.0
0,details,gcp,gcp-northamerica-northeast-1,45.5017,-73.5673,gcp-northamerica-northeast-1-1,gcp-northamerica-northeast-1-1,WRR,beta=0.01,0.0,0.0
0,details,gcp,gcp-northamerica-northeast-1,45.5017,-73.5673,gcp-northamerica-northeast-1-1,gcp-northamerica-northeast-1-1,WRR,beta=0.1,0.0,0.0
0,details,gcp,gcp-northamerica-northeast-1,45.5017,-73.5673,gcp-northamerica-northeast-1-1,gcp-northamerica-northeast-1-1,WRR,beta=0.2,0.0,0.0
0,details,gcp,gcp-northamerica-northeast-1,45.5017,-73.5673,gcp-northamerica-northeast-1-1,gcp-northamerica-northeast-1-1,WRR,beta=0.3,0.0,0.0
0,details,gcp,gcp-northamerica-northeast-1,45.5017,-73.5673,gcp-northamerica-northeast-1-1,gcp-northamerica-northeast-1-1,WRR,beta=0.4,0.0,0.0
0,details,gcp,gcp-northamerica-northeast-1,45.5017,-73.5673,gcp-northamerica-northeast-1-1,gcp-northamerica-northeast-1-1,WRR,beta=0.5,0.0,0.0
0,details,gcp,gcp-northamerica-northeast-1,45.5017,-73.5673,gcp-northamerica-northeast-1-1,gcp-northamerica-northeast-1-1,WRR,beta=0.6,0.0,0.0
0,details,gcp,gcp-northamerica-northeast-1,45.5017,-73.5673,gcp-northamerica-northeast-1-1,gcp-northamerica-northeast-1-1,WRR,beta=0.7,0.0,0.0
0,details,gcp,gcp-northamerica-northeast-1,45.5017,-73.5673,gcp-northamerica-northeast-1-1,gcp-northamerica-northeast-1-1,WRR,beta=0.8,0.0,0.0
0,details,gcp,gcp-northamerica-northeast-1,45.5017,-73.5673,gcp-northamerica-northeast-1-1,gcp-northamerica-northeast-1-1,WRR,beta=0.9,0.0,0.0
0,details,gcp,gcp-northamerica-northeast-1,45.5017,-73.5673,gcp-northamerica-northeast-1-1,gcp-northamerica-northeast-1-1,WRR,beta=0.99,0.0,0.0
0,details,gcp,gcp-sa-east-1,-23.5505,-46.6333,aws-sa-east-1-1,gcp-sa-east-1-1,KOSS,beta=0.01,0.11000000000000004,3.0
0,details,gcp,gcp-sa-east-1,-23.5505,-46.6333,aws-sa-east-1-1,gcp-sa-east-1-1,KOSS,beta=0.1,0.11000000000000004,3.0
0,details,gcp,gcp-sa-east-1,-23.5505,-46.6333,aws-sa-east-1-1,gcp-sa-east-1-1,KOSS,beta=0.2,0.11000000000000004,3.0
0,details,gcp,gcp-sa-east-1,-23.5505,-46.6333,aws-sa-east-1-1,gcp-sa-east-1-1,KOSS,beta=0.3,0.11000000000000004,3.0
0,details,gcp,gcp-sa-east-1,-23.5505,-46.6333,aws-sa-east-1-1,gcp-sa-east-1-1,KOSS,beta=0.4,0.11000000000000004,3.0
0,details,gcp,gcp-sa-east-1,-23.5505,-46.6333,aws-sa-east-1-1,gcp-sa-east-1-1,KOSS,beta=0.5,0.11000000000000004,3.0
0,details,gcp,gcp-sa-east-1,-23.5505,-46.6333,aws-sa-east-1-1,gcp-sa-east-1-1,KOSS,beta=0.6,0.11000000000000004,3.0
0,details,gcp,gcp-sa-east-1,-23.5505,-46.6333,aws-sa-east-1-1,gcp-sa-east-1-1,KOSS,beta=0.7,0.11000000000000004,3.0
0,details,gcp,gcp-sa-east-1,-23.5505,-46.6333,aws-sa-east-1-1,gcp-sa-east-1-1,KOSS,beta=0.8,0.11000000000000004,3.0
0,details,gcp,gcp-sa-east-1,-23.5505,-46.6333,aws-sa-east-1-1,gcp-sa-east-1-1,KOSS,beta=0.9,0.11000000000000004,3.0
0,details,gcp,gcp-sa-east-1,-23.5505,-46.6333,aws-sa-east-1-1,gcp-sa-east-1-1,KOSS,beta=0.99,0.11000000000000004,3.0
0,details,gcp,gcp-sa-east-1,-23.5505,-46.6333,aws-sa-east-1-1,gcp-sa-east-1-1,RR,beta=0.01,0.11000000000000004,3.0
0,details,gcp,gcp-sa-east-1,-23.5505,-46.6333,aws-sa-east-1-1,gcp-sa-east-1-1,RR,beta=0.1,0.11000000000000004,3.0
0,details,gcp,gcp-sa-east-1,-23.5505,-46.6333,aws-sa-east-1-1,gcp-sa-east-1-1,RR,beta=0.2,0.11000000000000004,3.0
0,details,gcp,gcp-sa-east-1,-23.5505,-46.6333,aws-sa-east-1-1,gcp-sa-east-1-1,RR,beta=0.3,0.11000000000000004,3.0
0,details,gcp,gcp-sa-east-1,-23.5505,-46.6333,aws-sa-east-1-1,gcp-sa-east-1-1,RR,beta=0.4,0.11000000000000004,3.0
0,details,gcp,gcp-sa-east-1,-23.5505,-46.6333,aws-sa-east-1-1,gcp-sa-east-1-1,RR,beta=0.5,0.11000000000000004,3.0
0,details,gcp,gcp-sa-east-1,-23.5505,-46.6333,aws-sa-east-1-1,gcp-sa-east-1-1,RR,beta=0.6,0.11000000000000004,3.0
0,details,gcp,gcp-sa-east-1,-23.5505,-46.6333,aws-sa-east-1-1,gcp-sa-east-1-1,RR,beta=0.7,0.11000000000000004,3.0
0,details,gcp,gcp-sa-east-1,-23.5505,-46.6333,aws-sa-east-1-1,gcp-sa-east-1-1,RR,beta=0.8,0.11000000000000004,3.0
0,details,gcp,gcp-sa-east-1,-23.5505,-46.6333,aws-sa-east-1-1,gcp-sa-east-1-1,RR,beta=0.9,0.11000000000000004,3.0
0,details,gcp,gcp-sa-east-1,-23.5505,-46.6333,aws-sa-east-1-1,gcp-sa-east-1-1,RR,beta=0.99,0.11000000000000004,3.0
0,details,gcp,gcp-sa-east-1,-23.5505,-46.6333,aws-sa-east-1-1,gcp-sa-east-1-1,WRR,beta=0.01,0.11000000000000004,3.0
0,details,gcp,gcp-sa-east-1,-23.5505,-46.6333,aws-sa-east-1-1,gcp-sa-east-1-1,WRR,beta=0.1,0.11000000000000004,3.0
0,details,gcp,gcp-sa-east-1,-23.5505,-46.6333,aws-sa-east-1-1,gcp-sa-east-1-1,WRR,beta=0.2,0.11000000000000004,3.0
0,details,gcp,gcp-sa-east-1,-23.5505,-46.6333,aws-sa-east-1-1,gcp-sa-east-1-1,WRR,beta=0.3,0.11000000000000004,3.0
0,details,gcp,gcp-sa-east-1,-23.5505,-46.6333,aws-sa-east-1-1,gcp-sa-east-1-1,WRR,beta=0.4,0.11000000000000004,3.0
0,details,gcp,gcp-sa-east-1,-23.5505,-46.6333,aws-sa-east-1-1,gcp-sa-east-1-1,WRR,beta=0.5,0.11000000000000004,3.0
0,details,gcp,gcp-sa-east-1,-23.5505,-46.6333,aws-sa-east-1-1,gcp-sa-east-1-1,WRR,beta=0.6,0.11000000000000004,3.0
0,details,gcp,gcp-sa-east-1,-23.5505,-46.6333,aws-sa-east-1-1,gcp-sa-east-1-1,WRR,beta=0.7,0.11000000000000004,3.0
0,details,gcp,gcp-sa-east-1,-23.5505,-46.6333,aws-sa-east-1-1,gcp-sa-east-1-1,WRR,beta=0.8,0.11000000000000004,3.0
0,details,gcp,gcp-sa-east-1,-23.5505,-46.6333,aws-sa-east-1-1,gcp-sa-east-1-1,WRR,beta=0.9,0.11000000000000004,3.0
0,details,gcp,gcp-sa-east-1,-23.5505,-46.6333,aws-sa-east-1-1,gcp-sa-east-1-1,WRR,beta=0.99,0.11000000000000004,3.0
0,details,gcp,gcp-sa-east-1,-23.5505,-46.6333,aws-us-west-2-1,gcp-sa-east-1-1,RR,beta=0.01,0.11000000000000004,186.0
0,details,gcp,gcp-sa-east-1,-23.5505,-46.6333,aws-us-west-2-1,gcp-sa-east-1-1,RR,beta=0.1,0.11000000000000004,186.0
0,details,gcp,gcp-sa-east-1,-23.5505,-46.6333,aws-us-west-2-1,gcp-sa-east-1-1,RR,beta=0.2,0.11000000000000004,186.0
0,details,gcp,gcp-sa-east-1,-23.5505,-46.6333,aws-us-west-2-1,gcp-sa-east-1-1,RR,beta=0.3,0.11000000000000004,186.0
0,details,gcp,gcp-sa-east-1,-23.5505,-46.6333,aws-us-west-2-1,gcp-sa-east-1-1,RR,beta=0.4,0.11000000000000004,186.0
0,details,gcp,gcp-sa-east-1,-23.5505,-46.6333,aws-us-west-2-1,gcp-sa-east-1-1,RR,beta=0.5,0.11000000000000004,186.0
0,details,gcp,gcp-sa-east-1,-23.5505,-46.6333,aws-us-west-2-1,gcp-sa-east-1-1,RR,beta=0.6,0.11000000000000004,186.0
0,details,gcp,gcp-sa-east-1,-23.5505,-46.6333,aws-us-west-2-1,gcp-sa-east-1-1,RR,beta=0.7,0.11000000000000004,186.0
0,details,gcp,gcp-sa-east-1,-23.5505,-46.6333,aws-us-west-2-1,gcp-sa-east-1-1,RR,beta=0.8,0.11000000000000004,186.0
0,details,gcp,gcp-sa-east-1,-23.5505,-46.6333,aws-us-west-2-1,gcp-sa-east-1-1,RR,beta=0.9,0.11000000000000004,186.0
0,details,gcp,gcp-sa-east-1,-23.5505,-46.6333,aws-us-west-2-1,gcp-sa-east-1-1,RR,beta=0.99,0.11000000000000004,186.0
0,details,gcp,gcp-sa-east-1,-23.5505,-46.6333,aws-us-west-2-1,gcp-sa-east-1-1,WRR,beta=0.01,0.11000000000000004,186.0
0,details,gcp,gcp-sa-east-1,-23.5505,-46.6333,aws-us-west-2-1,gcp-sa-east-1-1,WRR,beta=0.1,0.11000000000000004,186.0
0,details,gcp,gcp-sa-east-1,-23.5505,-46.6333,aws-us-west-2-1,gcp-sa-east-1-1,WRR,beta=0.2,0.11000000000000004,186.0
0,details,gcp,gcp-sa-east-1,-23.5505,-46.6333,aws-us-west-2-1,gcp-sa-east-1-1,WRR,beta=0.3,0.11000000000000004,186.0
0,details,gcp,gcp-sa-east-1,-23.5505,-46.6333,aws-us-west-2-1,gcp-sa-east-1-1,WRR,beta=0.4,0.11000000000000004,186.0
0,details,gcp,gcp-sa-east-1,-23.5505,-46.6333,aws-us-west-2-1,gcp-sa-east-1-1,WRR,beta=0.5,0.11000000000000004,186.0
0,details,gcp,gcp-sa-east-1,-23.5505,-46.6333,aws-us-west-2-1,gcp-sa-east-1-1,WRR,beta=0.6,0.11000000000000004,186.0
0,details,gcp,gcp-sa-east-1,-23.5505,-46.6333,aws-us-west-2-1,gcp-sa-east-1-1,WRR,beta=0.7,0.11000000000000004,186.0
0,details,gcp,gcp-sa-east-1,-23.5505,-46.6333,aws-us-west-2-1,gcp-sa-east-1-1,WRR,beta=0.8,0.11000000000000004,186.0
0,details,gcp,gcp-sa-east-1,-23.5505,-46.6333,aws-us-west-2-1,gcp-sa-east-1-1,WRR,beta=0.9,0.11000000000000004,186.0
0,details,gcp,gcp-sa-east-1,-23.5505,-46.6333,aws-us-west-2-1,gcp-sa-east-1-1,WRR,beta=0.99,0.11000000000000004,186.0
0,details,gcp,gcp-sa-east-1,-23.5505,-46.6333,gcp-sa-east-1-1,gcp-sa-east-1-1,KOSS,beta=0.01,0.0,0.0
0,details,gcp,gcp-sa-east-1,-23.5505,-46.6333,gcp-sa-east-1-1,gcp-sa-east-1-1,KOSS,beta=0.1,0.0,0.0
0,details,gcp,gcp-sa-east-1,-23.5505,-46.6333,gcp-sa-east-1-1,gcp-sa-east-1-1,KOSS,beta=0.2,0.0,0.0
0,details,gcp,gcp-sa-east-1,-23.5505,-46.6333,gcp-sa-east-1-1,gcp-sa-east-1-1,KOSS,beta=0.3,0.0,0.0
0,details,gcp,gcp-sa-east-1,-23.5505,-46.6333,gcp-sa-east-1-1,gcp-sa-east-1-1,KOSS,beta=0.4,0.0,0.0
0,details,gcp,gcp-sa-east-1,-23.5505,-46.6333,gcp-sa-east-1-1,gcp-sa-east-1-1,KOSS,beta=0.5,0.0,0.0
0,details,gcp,gcp-sa-east-1,-23.5505,-46.6333,gcp-sa-east-1-1,gcp-sa-east-1-1,KOSS,beta=0.6,0.0,0.0
0,details,gcp,gcp-sa-east-1,-23.5505,-46.6333,gcp-sa-east-1-1,gcp-sa-east-1-1,KOSS,beta=0.7,0.0,0.0
0,details,gcp,gcp-sa-east-1,-23.5505,-46.6333,gcp-sa-east-1-1,gcp-sa-east-1-1,KOSS,beta=0.8,0.0,0.0
0,details,gcp,gcp-sa-east-1,-23.5505,-46.6333,gcp-sa-east-1-1,gcp-sa-east-1-1,KOSS,beta=0.9,0.0,0.0
0,details,gcp,gcp-sa-east-1,-23.5505,-46.6333,gcp-sa-east-1-1,gcp-sa-east-1-1,KOSS,beta=0.99,0.0,0.0
0,details,gcp,gcp-sa-east-1,-23.5505,-46.6333,gcp-sa-east-1-1,gcp-sa-east-1-1,RR,beta=0.01,0.0,0.0
0,details,gcp,gcp-sa-east-1,-23.5505,-46.6333,gcp-sa-east-1-1,gcp-sa-east-1-1,RR,beta=0.1,0.0,0.0
0,details,gcp,gcp-sa-east-1,-23.5505,-46.6333,gcp-sa-east-1-1,gcp-sa-east-1-1,RR,beta=0.2,0.0,0.0
0,details,gcp,gcp-sa-east-1,-23.5505,-46.6333,gcp-sa-east-1-1,gcp-sa-east-1-1,RR,beta=0.3,0.0,0.0
0,details,gcp,gcp-sa-east-1,-23.5505,-46.6333,gcp-sa-east-1-1,gcp-sa-east-1-1,RR,beta=0.4,0.0,0.0
0,details,gcp,gcp-sa-east-1,-23.5505,-46.6333,gcp-sa-east-1-1,gcp-sa-east-1-1,RR,beta=0.5,0.0,0.0
0,details,gcp,gcp-sa-east-1,-23.5505,-46.6333,gcp-sa-east-1-1,gcp-sa-east-1-1,RR,beta=0.6,0.0,0.0
0,details,gcp,gcp-sa-east-1,-23.5505,-46.6333,gcp-sa-east-1-1,gcp-sa-east-1-1,RR,beta=0.7,0.0,0.0
0,details,gcp,gcp-sa-east-1,-23.5505,-46.6333,gcp-sa-east-1-1,gcp-sa-east-1-1,RR,beta=0.8,0.0,0.0
0,details,gcp,gcp-sa-east-1,-23.5505,-46.6333,gcp-sa-east-1-1,gcp-sa-east-1-1,RR,beta=0.9,0.0,0.0
0,details,gcp,gcp-sa-east-1,-23.5505,-46.6333,gcp-sa-east-1-1,gcp-sa-east-1-1,RR,beta=0.99,0.0,0.0
0,details,gcp,gcp-sa-east-1,-23.5505,-46.6333,gcp-sa-east-1-1,gcp-sa-east-1-1,WRR,beta=0.01,0.0,0.0
0,details,gcp,gcp-sa-east-1,-23.5505,-46.6333,gcp-sa-east-1-1,gcp-sa-east-1-1,WRR,beta=0.1,0.0,0.0
0,details,gcp,gcp-sa-east-1,-23.5505,-46.6333,gcp-sa-east-1-1,gcp-sa-east-1-1,WRR,beta=0.2,0.0,0.0
0,details,gcp,gcp-sa-east-1,-23.5505,-46.6333,gcp-sa-east-1-1,gcp-sa-east-1-1,WRR,beta=0.3,0.0,0.0
0,details,gcp,gcp-sa-east-1,-23.5505,-46.6333,gcp-sa-east-1-1,gcp-sa-east-1-1,WRR,beta=0.4,0.0,0.0
0,details,gcp,gcp-sa-east-1,-23.5505,-46.6333,gcp-sa-east-1-1,gcp-sa-east-1-1,WRR,beta=0.5,0.0,0.0
0,details,gcp,gcp-sa-east-1,-23.5505,-46.6333,gcp-sa-east-1-1,gcp-sa-east-1-1,WRR,beta=0.6,0.0,0.0
0,details,gcp,gcp-sa-east-1,-23.5505,-46.6333,gcp-sa-east-1-1,gcp-sa-east-1-1,WRR,beta=0.7,0.0,0.0
0,details,gcp,gcp-sa-east-1,-23.5505,-46.6333,gcp-sa-east-1-1,gcp-sa-east-1-1,WRR,beta=0.8,0.0,0.0
0,details,gcp,gcp-sa-east-1,-23.5505,-46.6333,gcp-sa-east-1-1,gcp-sa-east-1-1,WRR,beta=0.9,0.0,0.0
0,details,gcp,gcp-sa-east-1,-23.5505,-46.6333,gcp-sa-east-1-1,gcp-sa-east-1-1,WRR,beta=0.99,0.0,0.0
0,product_page,aws,aws-sa-east-1,-23.5505,-46.6333,CLIENT,aws-sa-east-1-1,KOSS,beta=0.01,0.14999999999999997,0.0
0,product_page,aws,aws-sa-east-1,-23.5505,-46.6333,CLIENT,aws-sa-east-1-1,KOSS,beta=0.1,0.14999999999999997,0.0
0,product_page,aws,aws-sa-east-1,-23.5505,-46.6333,CLIENT,aws-sa-east-1-1,KOSS,beta=0.2,0.14999999999999997,0.0
0,product_page,aws,aws-sa-east-1,-23.5505,-46.6333,CLIENT,aws-sa-east-1-1,KOSS,beta=0.3,0.14999999999999997,0.0
0,product_page,aws,aws-sa-east-1,-23.5505,-46.6333,CLIENT,aws-sa-east-1-1,KOSS,beta=0.4,0.14999999999999997,0.0
0,product_page,aws,aws-sa-east-1,-23.5505,-46.6333,CLIENT,aws-sa-east-1-1,KOSS,beta=0.5,0.14999999999999997,0.0
0,product_page,aws,aws-sa-east-1,-23.5505,-46.6333,CLIENT,aws-sa-east-1-1,KOSS,beta=0.6,0.14999999999999997,0.0
0,product_page,aws,aws-sa-east-1,-23.5505,-46.6333,CLIENT,aws-sa-east-1-1,KOSS,beta=0.7,0.14999999999999997,0.0
0,product_page,aws,aws-sa-east-1,-23.5505,-46.6333,CLIENT,aws-sa-east-1-1,KOSS,beta=0.8,0.14999999999999997,0.0
0,product_page,aws,aws-sa-east-1,-23.5505,-46.6333,CLIENT,aws-sa-east-1-1,KOSS,beta=0.9,0.14999999999999997,0.0
0,product_page,aws,aws-sa-east-1,-23.5505,-46.6333,CLIENT,aws-sa-east-1-1,KOSS,beta=0.99,0.1466341991546634,0.0
0,product_page,aws,aws-sa-east-1,-23.5505,-46.6333,CLIENT,aws-sa-east-1-1,RR,beta=0.01,0.14733333333333332,0.0
0,product_page,aws,aws-sa-east-1,-23.5505,-46.6333,CLIENT,aws-sa-east-1-1,RR,beta=0.1,0.14733333333333332,0.0
0,product_page,aws,aws-sa-east-1,-23.5505,-46.6333,CLIENT,aws-sa-east-1-1,RR,beta=0.2,0.14733333333333332,0.0
0,product_page,aws,aws-sa-east-1,-23.5505,-46.6333,CLIENT,aws-sa-east-1-1,RR,beta=0.3,0.14733333333333332,0.0
0,product_page,aws,aws-sa-east-1,-23.5505,-46.6333,CLIENT,aws-sa-east-1-1,RR,beta=0.4,0.14733333333333332,0.0
0,product_page,aws,aws-sa-east-1,-23.5505,-46.6333,CLIENT,aws-sa-east-1-1,RR,beta=0.5,0.14733333333333332,0.0
0,product_page,aws,aws-sa-east-1,-23.5505,-46.6333,CLIENT,aws-sa-east-1-1,RR,beta=0.6,0.14733333333333332,0.0
0,product_page,aws,aws-sa-east-1,-23.5505,-46.6333,CLIENT,aws-sa-east-1-1,RR,beta=0.7,0.14733333333333332,0.0
0,product_page,aws,aws-sa-east-1,-23.5505,-46.6333,CLIENT,aws-sa-east-1-1,RR,beta=0.8,0.14733333333333332,0.0
0,product_page,aws,aws-sa-east-1,-23.5505,-46.6333,CLIENT,aws-sa-east-1-1,RR,beta=0.9,0.14733333333333332,0.0
0,product_page,aws,aws-sa-east-1,-23.5505,-46.6333,CLIENT,aws-sa-east-1-1,RR,beta=0.99,0.14733333333333332,0.0
0,product_page,aws,aws-sa-east-1,-23.5505,-46.6333,CLIENT,aws-sa-east-1-1,WRR,beta=0.01,0.14976287504904534,0.0
0,product_page,aws,aws-sa-east-1,-23.5505,-46.6333,CLIENT,aws-sa-east-1-1,WRR,beta=0.1,0.1491859913282798,0.0
0,product_page,aws,aws-sa-east-1,-23.5505,-46.6333,CLIENT,aws-sa-east-1-1,WRR,beta=0.2,0.14872274335515073,0.0
0,product_page,aws,aws-sa-east-1,-23.5505,-46.6333,CLIENT,aws-sa-east-1-1,WRR,beta=0.3,0.148374989664545,0.0
0,product_page,aws,aws-sa-east-1,-23.5505,-46.6333,CLIENT,aws-sa-east-1-1,WRR,beta=0.4,0.14810241753072748,0.0
0,product_page,aws,aws-sa-east-1,-23.5505,-46.6333,CLIENT,aws-sa-east-1-1,WRR,beta=0.5,0.14788157425332915,0.0
0,product_page,aws,aws-sa-east-1,-23.5505,-46.6333,CLIENT,aws-sa-east-1-1,WRR,beta=0.6,0.14769788285632823,0.0
0,product_page,aws,aws-sa-east-1,-23.5505,-46.6333,CLIENT,aws-sa-east-1-1,WRR,beta=0.7,0.1475418039241595,0.0
0,product_page,aws,aws-sa-east-1,-23.5505,-46.6333,CLIENT,aws-sa-east-1-1,WRR,beta=0.8,0.14740683113922204,0.0
0,product_page,aws,aws-sa-east-1,-23.5505,-46.6333,CLIENT,aws-sa-east-1-1,WRR,beta=0.9,0.1472883736050297,0.0
0,product_page,aws,aws-sa-east-1,-23.5505,-46.6333,CLIENT,aws-sa-east-1-1,WRR,beta=0.99,0.14719310887044923,0.0
0,product_page,aws,aws-us-east-1,37.926868,-78.024902,CLIENT,aws-us-east-1-1,KOSS,beta=0.01,0.08333333333333331,0.0
0,product_page,aws,aws-us-east-1,37.926868,-78.024902,CLIENT,aws-us-east-1-1,KOSS,beta=0.1,0.08333333333333331,0.0
0,product_page,aws,aws-us-east-1,37.926868,-78.024902,CLIENT,aws-us-east-1-1,KOSS,beta=0.2,0.08333333333333331,0.0
0,product_page,aws,aws-us-east-1,37.926868,-78.024902,CLIENT,aws-us-east-1-1,KOSS,beta=0.3,0.08333333333333331,0.0
0,product_page,aws,aws-us-east-1,37.926868,-78.024902,CLIENT,aws-us-east-1-1,KOSS,beta=0.4,0.06000000000000001,0.0
0,product_page,aws,aws-us-east-1,37.926868,-78.024902,CLIENT,aws-us-east-1-1,KOSS,beta=0.5,0.06000000000000001,0.0
0,product_page,aws,aws-us-east-1,37.926868,-78.024902,CLIENT,aws-us-east-1-1,KOSS,beta=0.6,0.06000000000000001,0.0
0,product_page,aws,aws-us-east-1,37.926868,-78.024902,CLIENT,aws-us-east-1-1,KOSS,beta=0.7,0.06000000000000001,0.0
0,product_page,aws,aws-us-east-1,37.926868,-78.024902,CLIENT,aws-us-east-1-1,KOSS,beta=0.8,0.06000000000000001,0.0
0,product_page,aws,aws-us-east-1,37.926868,-78.024902,CLIENT,aws-us-east-1-1,KOSS,beta=0.9,0.06000000000000001,0.0
0,product_page,aws,aws-us-east-1,37.926868,-78.024902,CLIENT,aws-us-east-1-1,KOSS,beta=0.99,0.06000000000000001,0.0
0,product_page,aws,aws-us-east-1,37.926868,-78.024902,CLIENT,aws-us-east-1-1,RR,beta=0.01,0.07555555555555557,0.0
0,product_page,aws,aws-us-east-1,37.926868,-78.024902,CLIENT,aws-us-east-1-1,RR,beta=0.1,0.07555555555555557,0.0
0,product_page,aws,aws-us-east-1,37.926868,-78.024902,CLIENT,aws-us-east-1-1,RR,beta=0.2,0.07555555555555557,0.0
0,product_page,aws,aws-us-east-1,37.926868,-78.024902,CLIENT,aws-us-east-1-1,RR,beta=0.3,0.07555555555555557,0.0
0,product_page,aws,aws-us-east-1,37.926868,-78.024902,CLIENT,aws-us-east-1-1,RR,beta=0.4,0.07555555555555557,0.0
0,product_page,aws,aws-us-east-1,37.926868,-78.024902,CLIENT,aws-us-east-1-1,RR,beta=0.5,0.07555555555555557,0.0
0,product_page,aws,aws-us-east-1,37.926868,-78.024902,CLIENT,aws-us-east-1-1,RR,beta=0.6,0.07555555555555557,0.0
0,product_page,aws,aws-us-east-1,37.926868,-78.024902,CLIENT,aws-us-east-1-1,RR,beta=0.7,0.07555555555555557,0.0
0,product_page,aws,aws-us-east-1,37.926868,-78.024902,CLIENT,aws-us-east-1-1,RR,beta=0.8,0.07555555555555557,0.0
0,product_page,aws,aws-us-east-1,37.926868,-78.024902,CLIENT,aws-us-east-1-1,RR,beta=0.9,0.07555555555555557,0.0
0,product_page,aws,aws-us-east-1,37.926868,-78.024902,CLIENT,aws-us-east-1-1,RR,beta=0.99,0.07555555555555557,0.0
0,product_page,aws,aws-us-east-1,37.926868,-78.024902,CLIENT,aws-us-east-1-1,WRR,beta=0.01,0.07831914077567825,0.0
0,product_page,aws,aws-us-east-1,37.926868,-78.024902,CLIENT,aws-us-east-1-1,WRR,beta=0.1,0.0769595870975901,0.0
0,product_page,aws,aws-us-east-1,37.926868,-78.024902,CLIENT,aws-us-east-1-1,WRR,beta=0.2,0.07562665880271305,0.0
0,product_page,aws,aws-us-east-1,37.926868,-78.024902,CLIENT,aws-us-east-1-1,WRR,beta=0.3,0.07442339684603083,0.0
0,product_page,aws,aws-us-east-1,37.926868,-78.024902,CLIENT,aws-us-east-1-1,WRR,beta=0.4,0.07330842752604136,0.0
0,product_page,aws,aws-us-east-1,37.926868,-78.024902,CLIENT,aws-us-east-1-1,WRR,beta=0.5,0.0722518036343911,0.0
0,product_page,aws,aws-us-east-1,37.926868,-78.024902,CLIENT,aws-us-east-1-1,WRR,beta=0.6,0.07123079796423401,0.0
0,product_page,aws,aws-us-east-1,37.926868,-78.024902,CLIENT,aws-us-east-1-1,WRR,beta=0.7,0.07022732532501959,0.0
0,product_page,aws,aws-us-east-1,37.926868,-78.024902,CLIENT,aws-us-east-1-1,WRR,beta=0.8,0.06922628027678951,0.0
0,product_page,aws,aws-us-east-1,37.926868,-78.024902,CLIENT,aws-us-east-1-1,WRR,beta=0.9,0.06821440747130592,0.0
0,product_page,aws,aws-us-east-1,37.926868,-78.024902,CLIENT,aws-us-east-1-1,WRR,beta=0.99,0.06728435371551442,0.0
0,product_page,aws,aws-us-west-2,43.8041,-120.5542,CLIENT,aws-us-west-2-1,KOSS,beta=0.01,0.08333333333333331,0.0
0,product_page,aws,aws-us-west-2,43.8041,-120.5542,CLIENT,aws-us-west-2-1,KOSS,beta=0.1,0.06000000000000001,0.0
0,product_page,aws,aws-us-west-2,43.8041,-120.5542,CLIENT,aws-us-west-2-1,KOSS,beta=0.2,0.06000000000000001,0.0
0,product_page,aws,aws-us-west-2,43.8041,-120.5542,CLIENT,aws-us-west-2-1,KOSS,beta=0.3,0.06000000000000001,0.0
0,product_page,aws,aws-us-west-2,43.8041,-120.5542,CLIENT,aws-us-west-2-1,KOSS,beta=0.4,0.06000000000000001,0.0
0,product_page,aws,aws-us-west-2,43.8041,-120.5542,CLIENT,aws-us-west-2-1,KOSS,beta=0.5,0.06000000000000001,0.0
0,product_page,aws,aws-us-west-2,43.8041,-120.5542,CLIENT,aws-us-west-2-1,KOSS,beta=0.6,0.06000000000000001,0.0
0,product_page,aws,aws-us-west-2,43.8041,-120.5542,CLIENT,aws-us-west-2-1,KOSS,beta=0.7,0.06000000000000001,0.0
0,product_page,aws,aws-us-west-2,43.8041,-120.5542,CLIENT,aws-us-west-2-1,KOSS,beta=0.8,0.06000000000000001,0.0
0,product_page,aws,aws-us-west-2,43.8041,-120.5542,CLIENT,aws-us-west-2-1,KOSS,beta=0.9,0.06000000000000001,0.0
0,product_page,aws,aws-us-west-2,43.8041,-120.5542,CLIENT,aws-us-west-2-1,KOSS,beta=0.99,0.06000000000000001,0.0
0,product_page,aws,aws-us-west-2,43.8041,-120.5542,CLIENT,aws-us-west-2-1,RR,beta=0.01,0.07555555555555557,0.0
0,product_page,aws,aws-us-west-2,43.8041,-120.5542,CLIENT,aws-us-west-2-1,RR,beta=0.1,0.07555555555555557,0.0
0,product_page,aws,aws-us-west-2,43.8041,-120.5542,CLIENT,aws-us-west-2-1,RR,beta=0.2,0.07555555555555557,0.0
0,product_page,aws,aws-us-west-2,43.8041,-120.5542,CLIENT,aws-us-west-2-1,RR,beta=0.3,0.07555555555555557,0.0
0,product_page,aws,aws-us-west-2,43.8041,-120.5542,CLIENT,aws-us-west-2-1,RR,beta=0.4,0.07555555555555557,0.0
0,product_page,aws,aws-us-west-2,43.8041,-120.5542,CLIENT,aws-us-west-2-1,RR,beta=0.5,0.07555555555555557,0.0
0,product_page,aws,aws-us-west-2,43.8041,-120.5542,CLIENT,aws-us-west-2-1,RR,beta=0.6,0.07555555555555557,0.0
0,product_page,aws,aws-us-west-2,43.8041,-120.5542,CLIENT,aws-us-west-2-1,RR,beta=0.7,0.07555555555555557,0.0
0,product_page,aws,aws-us-west-2,43.8041,-120.5542,CLIENT,aws-us-west-2-1,RR,beta=0.8,0.07555555555555557,0.0
0,product_page,aws,aws-us-west-2,43.8041,-120.5542,CLIENT,aws-us-west-2-1,RR,beta=0.9,0.07555555555555557,0.0
0,product_page,aws,aws-us-west-2,43.8041,-120.5542,CLIENT,aws-us-west-2-1,RR,beta=0.99,0.07555555555555557,0.0
0,product_page,aws,aws-us-west-2,43.8041,-120.5542,CLIENT,aws-us-west-2-1,WRR,beta=0.01,0.07401607443856886,0.0
0,product_page,aws,aws-us-west-2,43.8041,-120.5542,CLIENT,aws-us-west-2-1,WRR,beta=0.1,0.07320934674225785,0.0
0,product_page,aws,aws-us-west-2,43.8041,-120.5542,CLIENT,aws-us-west-2-1,WRR,beta=0.2,0.07238776095459779,0.0
0,product_page,aws,aws-us-west-2,43.8041,-120.5542,CLIENT,aws-us-west-2-1,WRR,beta=0.3,0.07162768228917694,0.0
0,product_page,aws,aws-us-west-2,43.8041,-120.5542,CLIENT,aws-us-west-2-1,WRR,beta=0.4,0.0709154771117544,0.0
0,product_page,aws,aws-us-west-2,43.8041,-120.5542,CLIENT,aws-us-west-2-1,WRR,beta=0.5,0.07024055287726871,0.0
0,product_page,aws,aws-us-west-2,43.8041,-120.5542,CLIENT,aws-us-west-2-1,WRR,beta=0.6,0.06959450854537583,0.0
0,product_page,aws,aws-us-west-2,43.8041,-120.5542,CLIENT,aws-us-west-2-1,WRR,beta=0.7,0.06897055016770315,0.0
0,product_page,aws,aws-us-west-2,43.8041,-120.5542,CLIENT,aws-us-west-2-1,WRR,beta=0.8,0.06836307935298414,0.0
0,product_page,aws,aws-us-west-2,43.8041,-120.5542,CLIENT,aws-us-west-2-1,WRR,beta=0.9,0.06776739722210734,0.0
0,product_page,aws,aws-us-west-2,43.8041,-120.5542,CLIENT,aws-us-west-2-1,WRR,beta=0.99,0.06723803155841887,0.0
0,product_page,gcp,gcp-northamerica-northeast-1,45.5017,-73.5673,CLIENT,gcp-northamerica-northeast-1-1,KOSS,beta=0.01,0.05,0.0
0,product_page,gcp,gcp-northamerica-northeast-1,45.5017,-73.5673,CLIENT,gcp-northamerica-northeast-1-1,KOSS,beta=0.1,0.05,0.0
0,product_page,gcp,gcp-northamerica-northeast-1,45.5017,-73.5673,CLIENT,gcp-northamerica-northeast-1-1,KOSS,beta=0.2,0.05,0.0
0,product_page,gcp,gcp-northamerica-northeast-1,45.5017,-73.5673,CLIENT,gcp-northamerica-northeast-1-1,KOSS,beta=0.3,0.05,0.0
0,product_page,gcp,gcp-northamerica-northeast-1,45.5017,-73.5673,CLIENT,gcp-northamerica-northeast-1-1,KOSS,beta=0.4,0.05,0.0
0,product_page,gcp,gcp-northamerica-northeast-1,45.5017,-73.5673,CLIENT,gcp-northamerica-northeast-1-1,KOSS,beta=0.5,0.05,0.0
0,product_page,gcp,gcp-northamerica-northeast-1,45.5017,-73.5673,CLIENT,gcp-northamerica-northeast-1-1,KOSS,beta=0.6,0.05,0.0
0,product_page,gcp,gcp-northamerica-northeast-1,45.5017,-73.5673,CLIENT,gcp-northamerica-northeast-1-1,KOSS,beta=0.7,0.05,0.0
0,product_page,gcp,gcp-northamerica-northeast-1,45.5017,-73.5673,CLIENT,gcp-northamerica-northeast-1-1,KOSS,beta=0.8,0.05,0.0
0,product_page,gcp,gcp-northamerica-northeast-1,45.5017,-73.5673,CLIENT,gcp-northamerica-northeast-1-1,KOSS,beta=0.9,0.05,0.0
0,product_page,gcp,gcp-northamerica-northeast-1,45.5017,-73.5673,CLIENT,gcp-northamerica-northeast-1-1,KOSS,beta=0.99,0.05,0.0
0,product_page,gcp,gcp-northamerica-northeast-1,45.5017,-73.5673,CLIENT,gcp-northamerica-northeast-1-1,RR,beta=0.01,0.05,0.0
0,product_page,gcp,gcp-northamerica-northeast-1,45.5017,-73.5673,CLIENT,gcp-northamerica-northeast-1-1,RR,beta=0.1,0.05,0.0
0,product_page,gcp,gcp-northamerica-northeast-1,45.5017,-73.5673,CLIENT,gcp-northamerica-northeast-1-1,RR,beta=0.2,0.05,0.0
0,product_page,gcp,gcp-northamerica-northeast-1,45.5017,-73.5673,CLIENT,gcp-northamerica-northeast-1-1,RR,beta=0.3,0.05,0.0
0,product_page,gcp,gcp-northamerica-northeast-1,45.5017,-73.5673,CLIENT,gcp-northamerica-northeast-1-1,RR,beta=0.4,0.05,0.0
0,product_page,gcp,gcp-northamerica-northeast-1,45.5017,-73.5673,CLIENT,gcp-northamerica-northeast-1-1,RR,beta=0.5,0.05,0.0
0,product_page,gcp,gcp-northamerica-northeast-1,45.5017,-73.5673,CLIENT,gcp-northamerica-northeast-1-1,RR,beta=0.6,0.05,0.0
0,product_page,gcp,gcp-northamerica-northeast-1,45.5017,-73.5673,CLIENT,gcp-northamerica-northeast-1-1,RR,beta=0.7,0.05,0.0
0,product_page,gcp,gcp-northamerica-northeast-1,45.5017,-73.5673,CLIENT,gcp-northamerica-northeast-1-1,RR,beta=0.8,0.05,0.0
0,product_page,gcp,gcp-northamerica-northeast-1,45.5017,-73.5673,CLIENT,gcp-northamerica-northeast-1-1,RR,beta=0.9,0.05,0.0
0,product_page,gcp,gcp-northamerica-northeast-1,45.5017,-73.5673,CLIENT,gcp-northamerica-northeast-1-1,RR,beta=0.99,0.05,0.0
0,product_page,gcp,gcp-northamerica-northeast-1,45.5017,-73.5673,CLIENT,gcp-northamerica-northeast-1-1,WRR,beta=0.01,0.05,0.0
0,product_page,gcp,gcp-northamerica-northeast-1,45.5017,-73.5673,CLIENT,gcp-northamerica-northeast-1-1,WRR,beta=0.1,0.05,0.0
0,product_page,gcp,gcp-northamerica-northeast-1,45.5017,-73.5673,CLIENT,gcp-northamerica-northeast-1-1,WRR,beta=0.2,0.05,0.0
0,product_page,gcp,gcp-northamerica-northeast-1,45.5017,-73.5673,CLIENT,gcp-northamerica-northeast-1-1,WRR,beta=0.3,0.05,0.0
0,product_page,gcp,gcp-northamerica-northeast-1,45.5017,-73.5673,CLIENT,gcp-northamerica-northeast-1-1,WRR,beta=0.4,0.05,0.0
0,product_page,gcp,gcp-northamerica-northeast-1,45.5017,-73.5673,CLIENT,gcp-northamerica-northeast-1-1,WRR,beta=0.5,0.05,0.0
0,product_page,gcp,gcp-northamerica-northeast-1,45.5017,-73.5673,CLIENT,gcp-northamerica-northeast-1-1,WRR,beta=0.6,0.05,0.0
0,product_page,gcp,gcp-northamerica-northeast-1,45.5017,-73.5673,CLIENT,gcp-northamerica-northeast-1-1,WRR,beta=0.7,0.05,0.0
0,product_page,gcp,gcp-northamerica-northeast-1,45.5017,-73.5673,CLIENT,gcp-northamerica-northeast-1-1,WRR,beta=0.8,0.05,0.0
0,product_page,gcp,gcp-northamerica-northeast-1,45.5017,-73.5673,CLIENT,gcp-northamerica-northeast-1-1,WRR,beta=0.9,0.05,0.0
0,product_page,gcp,gcp-northamerica-northeast-1,45.5017,-73.5673,CLIENT,gcp-northamerica-northeast-1-1,WRR,beta=0.99,0.05,0.0
0,product_page,gcp,gcp-sa-east-1,-23.5505,-46.6333,CLIENT,gcp-sa-east-1-1,KOSS,beta=0.01,0.05,0.0
0,product_page,gcp,gcp-sa-east-1,-23.5505,-46.6333,CLIENT,gcp-sa-east-1-1,KOSS,beta=0.1,0.05,0.0
0,product_page,gcp,gcp-sa-east-1,-23.5505,-46.6333,CLIENT,gcp-sa-east-1-1,KOSS,beta=0.2,0.05,0.0
0,product_page,gcp,gcp-sa-east-1,-23.5505,-46.6333,CLIENT,gcp-sa-east-1-1,KOSS,beta=0.3,0.05,0.0
0,product_page,gcp,gcp-sa-east-1,-23.5505,-46.6333,CLIENT,gcp-sa-east-1-1,KOSS,beta=0.4,0.05,0.0
0,product_page,gcp,gcp-sa-east-1,-23.5505,-46.6333,CLIENT,gcp-sa-east-1-1,KOSS,beta=0.5,0.05,0.0
0,product_page,gcp,gcp-sa-east-1,-23.5505,-46.6333,CLIENT,gcp-sa-east-1-1,KOSS,beta=0.6,0.05,0.0
0,product_page,gcp,gcp-sa-east-1,-23.5505,-46.6333,CLIENT,gcp-sa-east-1-1,KOSS,beta=0.7,0.05,0.0
0,product_page,gcp,gcp-sa-east-1,-23.5505,-46.6333,CLIENT,gcp-sa-east-1-1,KOSS,beta=0.8,0.05,0.0
0,product_page,gcp,gcp-sa-east-1,-23.5505,-46.6333,CLIENT,gcp-sa-east-1-1,KOSS,beta=0.9,0.05,0.0
0,product_page,gcp,gcp-sa-east-1,-23.5505,-46.6333,CLIENT,gcp-sa-east-1-1,KOSS,beta=0.99,0.05,0.0
0,product_page,gcp,gcp-sa-east-1,-23.5505,-46.6333,CLIENT,gcp-sa-east-1-1,RR,beta=0.01,0.05,0.0
0,product_page,gcp,gcp-sa-east-1,-23.5505,-46.6333,CLIENT,gcp-sa-east-1-1,RR,beta=0.1,0.05,0.0
0,product_page,gcp,gcp-sa-east-1,-23.5505,-46.6333,CLIENT,gcp-sa-east-1-1,RR,beta=0.2,0.05,0.0
0,product_page,gcp,gcp-sa-east-1,-23.5505,-46.6333,CLIENT,gcp-sa-east-1-1,RR,beta=0.3,0.05,0.0
0,product_page,gcp,gcp-sa-east-1,-23.5505,-46.6333,CLIENT,gcp-sa-east-1-1,RR,beta=0.4,0.05,0.0
0,product_page,gcp,gcp-sa-east-1,-23.5505,-46.6333,CLIENT,gcp-sa-east-1-1,RR,beta=0.5,0.05,0.0
0,product_page,gcp,gcp-sa-east-1,-23.5505,-46.6333,CLIENT,gcp-sa-east-1-1,RR,beta=0.6,0.05,0.0
0,product_page,gcp,gcp-sa-east-1,-23.5505,-46.6333,CLIENT,gcp-sa-east-1-1,RR,beta=0.7,0.05,0.0
0,product_page,gcp,gcp-sa-east-1,-23.5505,-46.6333,CLIENT,gcp-sa-east-1-1,RR,beta=0.8,0.05,0.0
0,product_page,gcp,gcp-sa-east-1,-23.5505,-46.6333,CLIENT,gcp-sa-east-1-1,RR,beta=0.9,0.05,0.0
0,product_page,gcp,gcp-sa-east-1,-23.5505,-46.6333,CLIENT,gcp-sa-east-1-1,RR,beta=0.99,0.05,0.0
0,product_page,gcp,gcp-sa-east-1,-23.5505,-46.6333,CLIENT,gcp-sa-east-1-1,WRR,beta=0.01,0.05,0.0
0,product_page,gcp,gcp-sa-east-1,-23.5505,-46.6333,CLIENT,gcp-sa-east-1-1,WRR,beta=0.1,0.05,0.0
0,product_page,gcp,gcp-sa-east-1,-23.5505,-46.6333,CLIENT,gcp-sa-east-1-1,WRR,beta=0.2,0.05,0.0
0,product_page,gcp,gcp-sa-east-1,-23.5505,-46.6333,CLIENT,gcp-sa-east-1-1,WRR,beta=0.3,0.05,0.0
0,product_page,gcp,gcp-sa-east-1,-23.5505,-46.6333,CLIENT,gcp-sa-east-1-1,WRR,beta=0.4,0.05,0.0
0,product_page,gcp,gcp-sa-east-1,-23.5505,-46.6333,CLIENT,gcp-sa-east-1-1,WRR,beta=0.5,0.05,0.0
0,product_page,gcp,gcp-sa-east-1,-23.5505,-46.6333,CLIENT,gcp-sa-east-1-1,WRR,beta=0.6,0.05,0.0
0,product_page,gcp,gcp-sa-east-1,-23.5505,-46.6333,CLIENT,gcp-sa-east-1-1,WRR,beta=0.7,0.05,0.0
0,product_page,gcp,gcp-sa-east-1,-23.5505,-46.6333,CLIENT,gcp-sa-east-1-1,WRR,beta=0.8,0.05,0.0
0,product_page,gcp,gcp-sa-east-1,-23.5505,-46.6333,CLIENT,gcp-sa-east-1-1,WRR,beta=0.9,0.05,0.0
0,product_page,gcp,gcp-sa-east-1,-23.5505,-46.6333,CLIENT,gcp-sa-east-1-1,WRR,beta=0.99,0.05,0.0
0,rating,aws,aws-us-west-2,43.8041,-120.5542,aws-us-west-2-1,aws-us-west-2-1,KOSS,beta=0.01,0.010000000000000002,0.0
0,rating,aws,aws-us-west-2,43.8041,-120.5542,aws-us-west-2-1,aws-us-west-2-1,KOSS,beta=0.1,0.010000000000000002,0.0
0,rating,aws,aws-us-west-2,43.8041,-120.5542,aws-us-west-2-1,aws-us-west-2-1,KOSS,beta=0.2,0.010000000000000002,0.0
0,rating,aws,aws-us-west-2,43.8041,-120.5542,aws-us-west-2-1,aws-us-west-2-1,KOSS,beta=0.3,0.010000000000000002,0.0
0,rating,aws,aws-us-west-2,43.8041,-120.5542,aws-us-west-2-1,aws-us-west-2-1,KOSS,beta=0.4,0.010000000000000002,0.0
0,rating,aws,aws-us-west-2,43.8041,-120.5542,aws-us-west-2-1,aws-us-west-2-1,KOSS,beta=0.5,0.010000000000000002,0.0
0,rating,aws,aws-us-west-2,43.8041,-120.5542,aws-us-west-2-1,aws-us-west-2-1,KOSS,beta=0.6,0.010000000000000002,0.0
0,rating,aws,aws-us-west-2,43.8041,-120.5542,aws-us-west-2-1,aws-us-west-2-1,KOSS,beta=0.7,0.010000000000000002,0.0
0,rating,aws,aws-us-west-2,43.8041,-120.5542,aws-us-west-2-1,aws-us-west-2-1,KOSS,beta=0.8,0.010000000000000002,0.0
0,rating,aws,aws-us-west-2,43.8041,-120.5542,aws-us-west-2-1,aws-us-west-2-1,KOSS,beta=0.9,0.010000000000000002,0.0
0,rating,aws,aws-us-west-2,43.8041,-120.5542,aws-us-west-2-1,aws-us-west-2-1,KOSS,beta=0.99,0.010000000000000002,0.0
0,rating,aws,aws-us-west-2,43.8041,-120.5542,aws-us-west-2-1,aws-us-west-2-1,RR,beta=0.01,0.010000000000000002,0.0
0,rating,aws,aws-us-west-2,43.8041,-120.5542,aws-us-west-2-1,aws-us-west-2-1,RR,beta=0.1,0.010000000000000002,0.0
0,rating,aws,aws-us-west-2,43.8041,-120.5542,aws-us-west-2-1,aws-us-west-2-1,RR,beta=0.2,0.010000000000000002,0.0
0,rating,aws,aws-us-west-2,43.8041,-120.5542,aws-us-west-2-1,aws-us-west-2-1,RR,beta=0.3,0.010000000000000002,0.0
0,rating,aws,aws-us-west-2,43.8041,-120.5542,aws-us-west-2-1,aws-us-west-2-1,RR,beta=0.4,0.010000000000000002,0.0
0,rating,aws,aws-us-west-2,43.8041,-120.5542,aws-us-west-2-1,aws-us-west-2-1,RR,beta=0.5,0.010000000000000002,0.0
0,rating,aws,aws-us-west-2,43.8041,-120.5542,aws-us-west-2-1,aws-us-west-2-1,RR,beta=0.6,0.010000000000000002,0.0
0,rating,aws,aws-us-west-2,43.8041,-120.5542,aws-us-west-2-1,aws-us-west-2-1,RR,beta=0.7,0.010000000000000002,0.0
0,rating,aws,aws-us-west-2,43.8041,-120.5542,aws-us-west-2-1,aws-us-west-2-1,RR,beta=0.8,0.010000000000000002,0.0
0,rating,aws,aws-us-west-2,43.8041,-120.5542,aws-us-west-2-1,aws-us-west-2-1,RR,beta=0.9,0.010000000000000002,0.0
0,rating,aws,aws-us-west-2,43.8041,-120.5542,aws-us-west-2-1,aws-us-west-2-1,RR,beta=0.99,0.010000000000000002,0.0
0,rating,aws,aws-us-west-2,43.8041,-120.5542,aws-us-west-2-1,aws-us-west-2-1,WRR,beta=0.01,0.010000000000000002,0.0
0,rating,aws,aws-us-west-2,43.8041,-120.5542,aws-us-west-2-1,aws-us-west-2-1,WRR,beta=0.1,0.010000000000000002,0.0
0,rating,aws,aws-us-west-2,43.8041,-120.5542,aws-us-west-2-1,aws-us-west-2-1,WRR,beta=0.2,0.010000000000000002,0.0
0,rating,aws,aws-us-west-2,43.8041,-120.5542,aws-us-west-2-1,aws-us-west-2-1,WRR,beta=0.3,0.010000000000000002,0.0
0,rating,aws,aws-us-west-2,43.8041,-120.5542,aws-us-west-2-1,aws-us-west-2-1,WRR,beta=0.4,0.010000000000000002,0.0
0,rating,aws,aws-us-west-2,43.8041,-120.5542,aws-us-west-2-1,aws-us-west-2-1,WRR,beta=0.5,0.010000000000000002,0.0
0,rating,aws,aws-us-west-2,43.8041,-120.5542,aws-us-west-2-1,aws-us-west-2-1,WRR,beta=0.6,0.010000000000000002,0.0
0,rating,aws,aws-us-west-2,43.8041,-120.5542,aws-us-west-2-1,aws-us-west-2-1,WRR,beta=0.7,0.010000000000000002,0.0
0,rating,aws,aws-us-west-2,43.8041,-120.5542,aws-us-west-2-1,aws-us-west-2-1,WRR,beta=0.8,0.010000000000000002,0.0
0,rating,aws,aws-us-west-2,43.8041,-120.5542,aws-us-west-2-1,aws-us-west-2-1,WRR,beta=0.9,0.010000000000000002,0.0
0,rating,aws,aws-us-west-2,43.8041,-120.5542,aws-us-west-2-1,aws-us-west-2-1,WRR,beta=0.99,0.010000000000000002,0.0
0,rating,gcp,gcp-northamerica-northeast-1,45.5017,-73.5673,gcp-northamerica-northeast-1-1,gcp-northamerica-northeast-1-1,KOSS,beta=0.01,0.0,0.0
0,rating,gcp,gcp-northamerica-northeast-1,45.5017,-73.5673,gcp-northamerica-northeast-1-1,gcp-northamerica-northeast-1-1,KOSS,beta=0.1,0.0,0.0
0,rating,gcp,gcp-northamerica-northeast-1,45.5017,-73.5673,gcp-northamerica-northeast-1-1,gcp-northamerica-northeast-1-1,KOSS,beta=0.2,0.0,0.0
0,rating,gcp,gcp-northamerica-northeast-1,45.5017,-73.5673,gcp-northamerica-northeast-1-1,gcp-northamerica-northeast-1-1,KOSS,beta=0.3,0.0,0.0
0,rating,gcp,gcp-northamerica-northeast-1,45.5017,-73.5673,gcp-northamerica-northeast-1-1,gcp-northamerica-northeast-1-1,KOSS,beta=0.4,0.0,0.0
0,rating,gcp,gcp-northamerica-northeast-1,45.5017,-73.5673,gcp-northamerica-northeast-1-1,gcp-northamerica-northeast-1-1,KOSS,beta=0.5,0.0,0.0
0,rating,gcp,gcp-northamerica-northeast-1,45.5017,-73.5673,gcp-northamerica-northeast-1-1,gcp-northamerica-northeast-1-1,KOSS,beta=0.6,0.0,0.0
0,rating,gcp,gcp-northamerica-northeast-1,45.5017,-73.5673,gcp-northamerica-northeast-1-1,gcp-northamerica-northeast-1-1,KOSS,beta=0.7,0.0,0.0
0,rating,gcp,gcp-northamerica-northeast-1,45.5017,-73.5673,gcp-northamerica-northeast-1-1,gcp-northamerica-northeast-1-1,KOSS,beta=0.8,0.0,0.0
0,rating,gcp,gcp-northamerica-northeast-1,45.5017,-73.5673,gcp-northamerica-northeast-1-1,gcp-northamerica-northeast-1-1,KOSS,beta=0.9,0.0,0.0
0,rating,gcp,gcp-northamerica-northeast-1,45.5017,-73.5673,gcp-northamerica-northeast-1-1,gcp-northamerica-northeast-1-1,KOSS,beta=0.99,0.0,0.0
0,rating,gcp,gcp-northamerica-northeast-1,45.5017,-73.5673,gcp-northamerica-northeast-1-1,gcp-northamerica-northeast-1-1,RR,beta=0.01,0.0,0.0
0,rating,gcp,gcp-northamerica-northeast-1,45.5017,-73.5673,gcp-northamerica-northeast-1-1,gcp-northamerica-northeast-1-1,RR,beta=0.1,0.0,0.0
0,rating,gcp,gcp-northamerica-northeast-1,45.5017,-73.5673,gcp-northamerica-northeast-1-1,gcp-northamerica-northeast-1-1,RR,beta=0.2,0.0,0.0
0,rating,gcp,gcp-northamerica-northeast-1,45.5017,-73.5673,gcp-northamerica-northeast-1-1,gcp-northamerica-northeast-1-1,RR,beta=0.3,0.0,0.0
0,rating,gcp,gcp-northamerica-northeast-1,45.5017,-73.5673,gcp-northamerica-northeast-1-1,gcp-northamerica-northeast-1-1,RR,beta=0.4,0.0,0.0
0,rating,gcp,gcp-northamerica-northeast-1,45.5017,-73.5673,gcp-northamerica-northeast-1-1,gcp-northamerica-northeast-1-1,RR,beta=0.5,0.0,0.0
0,rating,gcp,gcp-northamerica-northeast-1,45.5017,-73.5673,gcp-northamerica-northeast-1-1,gcp-northamerica-northeast-1-1,RR,beta=0.6,0.0,0.0
0,rating,gcp,gcp-northamerica-northeast-1,45.5017,-73.5673,gcp-northamerica-northeast-1-1,gcp-northamerica-northeast-1-1,RR,beta=0.7,0.0,0.0
0,rating,gcp,gcp-northamerica-northeast-1,45.5017,-73.5673,gcp-northamerica-northeast-1-1,gcp-northamerica-northeast-1-1,RR,beta=0.8,0.0,0.0
0,rating,gcp,gcp-northamerica-northeast-1,45.5017,-73.5673,gcp-northamerica-northeast-1-1,gcp-northamerica-northeast-1-1,RR,beta=0.9,0.0,0.0
0,rating,gcp,gcp-northamerica-northeast-1,45.5017,-73.5673,gcp-northamerica-northeast-1-1,gcp-northamerica-northeast-1-1,RR,beta=0.99,0.0,0.0
0,rating,gcp,gcp-northamerica-northeast-1,45.5017,-73.5673,gcp-northamerica-northeast-1-1,gcp-northamerica-northeast-1-1,WRR,beta=0.01,0.0,0.0
0,rating,gcp,gcp-northamerica-northeast-1,45.5017,-73.5673,gcp-northamerica-northeast-1-1,gcp-northamerica-northeast-1-1,WRR,beta=0.1,0.0,0.0
0,rating,gcp,gcp-northamerica-northeast-1,45.5017,-73.5673,gcp-northamerica-northeast-1-1,gcp-northamerica-northeast-1-1,WRR,beta=0.2,0.0,0.0
0,rating,gcp,gcp-northamerica-northeast-1,45.5017,-73.5673,gcp-northamerica-northeast-1-1,gcp-northamerica-northeast-1-1,WRR,beta=0.3,0.0,0.0
0,rating,gcp,gcp-northamerica-northeast-1,45.5017,-73.5673,gcp-northamerica-northeast-1-1,gcp-northamerica-northeast-1-1,WRR,beta=0.4,0.0,0.0
0,rating,gcp,gcp-northamerica-northeast-1,45.5017,-73.5673,gcp-northamerica-northeast-1-1,gcp-northamerica-northeast-1-1,WRR,beta=0.5,0.0,0.0
0,rating,gcp,gcp-northamerica-northeast-1,45.5017,-73.5673,gcp-northamerica-northeast-1-1,gcp-northamerica-northeast-1-1,WRR,beta=0.6,0.0,0.0
0,rating,gcp,gcp-northamerica-northeast-1,45.5017,-73.5673,gcp-northamerica-northeast-1-1,gcp-northamerica-northeast-1-1,WRR,beta=0.7,0.0,0.0
0,rating,gcp,gcp-northamerica-northeast-1,45.5017,-73.5673,gcp-northamerica-northeast-1-1,gcp-northamerica-northeast-1-1,WRR,beta=0.8,0.0,0.0
0,rating,gcp,gcp-northamerica-northeast-1,45.5017,-73.5673,gcp-northamerica-northeast-1-1,gcp-northamerica-northeast-1-1,WRR,beta=0.9,0.0,0.0
0,rating,gcp,gcp-northamerica-northeast-1,45.5017,-73.5673,gcp-northamerica-northeast-1-1,gcp-northamerica-northeast-1-1,WRR,beta=0.99,0.0,0.0
0,rating,gcp,gcp-sa-east-1,-23.5505,-46.6333,gcp-sa-east-1-1,gcp-sa-east-1-1,KOSS,beta=0.01,0.0,0.0
0,rating,gcp,gcp-sa-east-1,-23.5505,-46.6333,gcp-sa-east-1-1,gcp-sa-east-1-1,KOSS,beta=0.1,0.0,0.0
0,rating,gcp,gcp-sa-east-1,-23.5505,-46.6333,gcp-sa-east-1-1,gcp-sa-east-1-1,KOSS,beta=0.2,0.0,0.0
0,rating,gcp,gcp-sa-east-1,-23.5505,-46.6333,gcp-sa-east-1-1,gcp-sa-east-1-1,KOSS,beta=0.3,0.0,0.0
0,rating,gcp,gcp-sa-east-1,-23.5505,-46.6333,gcp-sa-east-1-1,gcp-sa-east-1-1,KOSS,beta=0.4,0.0,0.0
0,rating,gcp,gcp-sa-east-1,-23.5505,-46.6333,gcp-sa-east-1-1,gcp-sa-east-1-1,KOSS,beta=0.5,0.0,0.0
0,rating,gcp,gcp-sa-east-1,-23.5505,-46.6333,gcp-sa-east-1-1,gcp-sa-east-1-1,KOSS,beta=0.6,0.0,0.0
0,rating,gcp,gcp-sa-east-1,-23.5505,-46.6333,gcp-sa-east-1-1,gcp-sa-east-1-1,KOSS,beta=0.7,0.0,0.0
0,rating,gcp,gcp-sa-east-1,-23.5505,-46.6333,gcp-sa-east-1-1,gcp-sa-east-1-1,KOSS,beta=0.8,0.0,0.0
0,rating,gcp,gcp-sa-east-1,-23.5505,-46.6333,gcp-sa-east-1-1,gcp-sa-east-1-1,KOSS,beta=0.9,0.0,0.0
0,rating,gcp,gcp-sa-east-1,-23.5505,-46.6333,gcp-sa-east-1-1,gcp-sa-east-1-1,KOSS,beta=0.99,0.0,0.0
0,rating,gcp,gcp-sa-east-1,-23.5505,-46.6333,gcp-sa-east-1-1,gcp-sa-east-1-1,RR,beta=0.01,0.0,0.0
0,rating,gcp,gcp-sa-east-1,-23.5505,-46.6333,gcp-sa-east-1-1,gcp-sa-east-1-1,RR,beta=0.1,0.0,0.0
0,rating,gcp,gcp-sa-east-1,-23.5505,-46.6333,gcp-sa-east-1-1,gcp-sa-east-1-1,RR,beta=0.2,0.0,0.0
0,rating,gcp,gcp-sa-east-1,-23.5505,-46.6333,gcp-sa-east-1-1,gcp-sa-east-1-1,RR,beta=0.3,0.0,0.0
0,rating,gcp,gcp-sa-east-1,-23.5505,-46.6333,gcp-sa-east-1-1,gcp-sa-east-1-1,RR,beta=0.4,0.0,0.0
0,rating,gcp,gcp-sa-east-1,-23.5505,-46.6333,gcp-sa-east-1-1,gcp-sa-east-1-1,RR,beta=0.5,0.0,0.0
0,rating,gcp,gcp-sa-east-1,-23.5505,-46.6333,gcp-sa-east-1-1,gcp-sa-east-1-1,RR,beta=0.6,0.0,0.0
0,rating,gcp,gcp-sa-east-1,-23.5505,-46.6333,gcp-sa-east-1-1,gcp-sa-east-1-1,RR,beta=0.7,0.0,0.0
0,rating,gcp,gcp-sa-east-1,-23.5505,-46.6333,gcp-sa-east-1-1,gcp-sa-east-1-1,RR,beta=0.8,0.0,0.0
0,rating,gcp,gcp-sa-east-1,-23.5505,-46.6333,gcp-sa-east-1-1,gcp-sa-east-1-1,RR,beta=0.9,0.0,0.0
0,rating,gcp,gcp-sa-east-1,-23.5505,-46.6333,gcp-sa-east-1-1,gcp-sa-east-1-1,RR,beta=0.99,0.0,0.0
0,rating,gcp,gcp-sa-east-1,-23.5505,-46.6333,gcp-sa-east-1-1,gcp-sa-east-1-1,WRR,beta=0.01,0.0,0.0
0,rating,gcp,gcp-sa-east-1,-23.5505,-46.6333,gcp-sa-east-1-1,gcp-sa-east-1-1,WRR,beta=0.1,0.0,0.0
0,rating,gcp,gcp-sa-east-1,-23.5505,-46.6333,gcp-sa-east-1-1,gcp-sa-east-1-1,WRR,beta=0.2,0.0,0.0
0,rating,gcp,gcp-sa-east-1,-23.5505,-46.6333,gcp-sa-east-1-1,gcp-sa-east-1-1,WRR,beta=0.3,0.0,0.0
0,rating,gcp,gcp-sa-east-1,-23.5505,-46.6333,gcp-sa-east-1-1,gcp-sa-east-1-1,WRR,beta=0.4,0.0,0.0
0,rating,gcp,gcp-sa-east-1,-23.5505,-46.6333,gcp-sa-east-1-1,gcp-sa-east-1-1,WRR,beta=0.5,0.0,0.0
0,rating,gcp,gcp-sa-east-1,-23.5505,-46.6333,gcp-sa-east-1-1,gcp-sa-east-1-1,WRR,beta=0.6,0.0,0.0
0,rating,gcp,gcp-sa-east-1,-23.5505,-46.6333,gcp-sa-east-1-1,gcp-sa-east-1-1,WRR,beta=0.7,0.0,0.0
0,rating,gcp,gcp-sa-east-1,-23.5505,-46.6333,gcp-sa-east-1-1,gcp-sa-east-1-1,WRR,beta=0.8,0.0,0.0
0,rating,gcp,gcp-sa-east-1,-23.5505,-46.6333,gcp-sa-east-1-1,gcp-sa-east-1-1,WRR,beta=0.9,0.0,0.0
0,rating,gcp,gcp-sa-east-1,-23.5505,-46.6333,gcp-sa-east-1-1,gcp-sa-east-1-1,WRR,beta=0.99,0.0,0.0
0,review,aws,aws-us-west-2,43.8041,-120.5542,aws-sa-east-1-1,aws-us-west-2-1,KOSS,beta=0.99,0.015000000000000006,183.0
0,review,aws,aws-us-west-2,43.8041,-120.5542,aws-sa-east-1-1,aws-us-west-2-1,RR,beta=0.01,0.015000000000000006,183.0
0,review,aws,aws-us-west-2,43.8041,-120.5542,aws-sa-east-1-1,aws-us-west-2-1,RR,beta=0.1,0.015000000000000006,183.0
0,review,aws,aws-us-west-2,43.8041,-120.5542,aws-sa-east-1-1,aws-us-west-2-1,RR,beta=0.2,0.015000000000000006,183.0
0,review,aws,aws-us-west-2,43.8041,-120.5542,aws-sa-east-1-1,aws-us-west-2-1,RR,beta=0.3,0.015000000000000006,183.0
0,review,aws,aws-us-west-2,43.8041,-120.5542,aws-sa-east-1-1,aws-us-west-2-1,RR,beta=0.4,0.015000000000000006,183.0
0,review,aws,aws-us-west-2,43.8041,-120.5542,aws-sa-east-1-1,aws-us-west-2-1,RR,beta=0.5,0.015000000000000006,183.0
0,review,aws,aws-us-west-2,43.8041,-120.5542,aws-sa-east-1-1,aws-us-west-2-1,RR,beta=0.6,0.015000000000000006,183.0
0,review,aws,aws-us-west-2,43.8041,-120.5542,aws-sa-east-1-1,aws-us-west-2-1,RR,beta=0.7,0.015000000000000006,183.0
0,review,aws,aws-us-west-2,43.8041,-120.5542,aws-sa-east-1-1,aws-us-west-2-1,RR,beta=0.8,0.015000000000000006,183.0
0,review,aws,aws-us-west-2,43.8041,-120.5542,aws-sa-east-1-1,aws-us-west-2-1,RR,beta=0.9,0.015000000000000006,183.0
0,review,aws,aws-us-west-2,43.8041,-120.5542,aws-sa-east-1-1,aws-us-west-2-1,RR,beta=0.99,0.015000000000000006,183.0
0,review,aws,aws-us-west-2,43.8041,-120.5542,aws-sa-east-1-1,aws-us-west-2-1,WRR,beta=0.01,0.015000000000000006,183.0
0,review,aws,aws-us-west-2,43.8041,-120.5542,aws-sa-east-1-1,aws-us-west-2-1,WRR,beta=0.1,0.015000000000000006,183.0
0,review,aws,aws-us-west-2,43.8041,-120.5542,aws-sa-east-1-1,aws-us-west-2-1,WRR,beta=0.2,0.015000000000000006,183.0
0,review,aws,aws-us-west-2,43.8041,-120.5542,aws-sa-east-1-1,aws-us-west-2-1,WRR,beta=0.3,0.015000000000000006,183.0
0,review,aws,aws-us-west-2,43.8041,-120.5542,aws-sa-east-1-1,aws-us-west-2-1,WRR,beta=0.4,0.015000000000000006,183.0
0,review,aws,aws-us-west-2,43.8041,-120.5542,aws-sa-east-1-1,aws-us-west-2-1,WRR,beta=0.5,0.015000000000000006,183.0
0,review,aws,aws-us-west-2,43.8041,-120.5542,aws-sa-east-1-1,aws-us-west-2-1,WRR,beta=0.6,0.015000000000000006,183.0
0,review,aws,aws-us-west-2,43.8041,-120.5542,aws-sa-east-1-1,aws-us-west-2-1,WRR,beta=0.7,0.015000000000000006,183.0
0,review,aws,aws-us-west-2,43.8041,-120.5542,aws-sa-east-1-1,aws-us-west-2-1,WRR,beta=0.8,0.015000000000000006,183.0
0,review,aws,aws-us-west-2,43.8041,-120.5542,aws-sa-east-1-1,aws-us-west-2-1,WRR,beta=0.9,0.015000000000000006,183.0
0,review,aws,aws-us-west-2,43.8041,-120.5542,aws-sa-east-1-1,aws-us-west-2-1,WRR,beta=0.99,0.015000000000000006,183.0
0,review,aws,aws-us-west-2,43.8041,-120.5542,aws-us-east-1-1,aws-us-west-2-1,KOSS,beta=0.4,0.015000000000000006,77.0
0,review,aws,aws-us-west-2,43.8041,-120.5542,aws-us-east-1-1,aws-us-west-2-1,KOSS,beta=0.5,0.015000000000000006,77.0
0,review,aws,aws-us-west-2,43.8041,-120.5542,aws-us-east-1-1,aws-us-west-2-1,KOSS,beta=0.6,0.015000000000000006,77.0
0,review,aws,aws-us-west-2,43.8041,-120.5542,aws-us-east-1-1,aws-us-west-2-1,KOSS,beta=0.7,0.015000000000000006,77.0
0,review,aws,aws-us-west-2,43.8041,-120.5542,aws-us-east-1-1,aws-us-west-2-1,KOSS,beta=0.8,0.015000000000000006,77.0
0,review,aws,aws-us-west-2,43.8041,-120.5542,aws-us-east-1-1,aws-us-west-2-1,KOSS,beta=0.9,0.015000000000000006,77.0
0,review,aws,aws-us-west-2,43.8041,-120.5542,aws-us-east-1-1,aws-us-west-2-1,KOSS,beta=0.99,0.015000000000000006,77.0
0,review,aws,aws-us-west-2,43.8041,-120.5542,aws-us-east-1-1,aws-us-west-2-1,RR,beta=0.01,0.015000000000000006,77.0
0,review,aws,aws-us-west-2,43.8041,-120.5542,aws-us-east-1-1,aws-us-west-2-1,RR,beta=0.1,0.015000000000000006,77.0
0,review,aws,aws-us-west-2,43.8041,-120.5542,aws-us-east-1-1,aws-us-west-2-1,RR,beta=0.2,0.015000000000000006,77.0
0,review,aws,aws-us-west-2,43.8041,-120.5542,aws-us-east-1-1,aws-us-west-2-1,RR,beta=0.3,0.015000000000000006,77.0
0,review,aws,aws-us-west-2,43.8041,-120.5542,aws-us-east-1-1,aws-us-west-2-1,RR,beta=0.4,0.015000000000000006,77.0
0,review,aws,aws-us-west-2,43.8041,-120.5542,aws-us-east-1-1,aws-us-west-2-1,RR,beta=0.5,0.015000000000000006,77.0
0,review,aws,aws-us-west-2,43.8041,-120.5542,aws-us-east-1-1,aws-us-west-2-1,RR,beta=0.6,0.015000000000000006,77.0
0,review,aws,aws-us-west-2,43.8041,-120.5542,aws-us-east-1-1,aws-us-west-2-1,RR,beta=0.7,0.015000000000000006,77.0
0,review,aws,aws-us-west-2,43.8041,-120.5542,aws-us-east-1-1,aws-us-west-2-1,RR,beta=0.8,0.015000000000000006,77.0
0,review,aws,aws-us-west-2,43.8041,-120.5542,aws-us-east-1-1,aws-us-west-2-1,RR,beta=0.9,0.015000000000000006,77.0
0,review,aws,aws-us-west-2,43.8041,-120.5542,aws-us-east-1-1,aws-us-west-2-1,RR,beta=0.99,0.015000000000000006,77.0
0,review,aws,aws-us-west-2,43.8041,-120.5542,aws-us-east-1-1,aws-us-west-2-1,WRR,beta=0.01,0.015000000000000006,77.0
0,review,aws,aws-us-west-2,43.8041,-120.5542,aws-us-east-1-1,aws-us-west-2-1,WRR,beta=0.1,0.015000000000000006,77.0
0,review,aws,aws-us-west-2,43.8041,-120.5542,aws-us-east-1-1,aws-us-west-2-1,WRR,beta=0.2,0.015000000000000006,77.0
0,review,aws,aws-us-west-2,43.8041,-120.5542,aws-us-east-1-1,aws-us-west-2-1,WRR,beta=0.3,0.015000000000000006,77.0
0,review,aws,aws-us-west-2,43.8041,-120.5542,aws-us-east-1-1,aws-us-west-2-1,WRR,beta=0.4,0.015000000000000006,77.0
0,review,aws,aws-us-west-2,43.8041,-120.5542,aws-us-east-1-1,aws-us-west-2-1,WRR,beta=0.5,0.015000000000000006,77.0
0,review,aws,aws-us-west-2,43.8041,-120.5542,aws-us-east-1-1,aws-us-west-2-1,WRR,beta=0.6,0.015000000000000006,77.0
0,review,aws,aws-us-west-2,43.8041,-120.5542,aws-us-east-1-1,aws-us-west-2-1,WRR,beta=0.7,0.015000000000000006,77.0
0,review,aws,aws-us-west-2,43.8041,-120.5542,aws-us-east-1-1,aws-us-west-2-1,WRR,beta=0.8,0.015000000000000006,77.0
0,review,aws,aws-us-west-2,43.8041,-120.5542,aws-us-east-1-1,aws-us-west-2-1,WRR,beta=0.9,0.015000000000000006,77.0
0,review,aws,aws-us-west-2,43.8041,-120.5542,aws-us-east-1-1,aws-us-west-2-1,WRR,beta=0.99,0.015000000000000006,77.0
0,review,aws,aws-us-west-2,43.8041,-120.5542,aws-us-west-2-1,aws-us-west-2-1,KOSS,beta=0.01,0.010000000000000002,0.0
0,review,aws,aws-us-west-2,43.8041,-120.5542,aws-us-west-2-1,aws-us-west-2-1,KOSS,beta=0.1,0.010000000000000002,0.0
0,review,aws,aws-us-west-2,43.8041,-120.5542,aws-us-west-2-1,aws-us-west-2-1,KOSS,beta=0.2,0.010000000000000002,0.0
0,review,aws,aws-us-west-2,43.8041,-120.5542,aws-us-west-2-1,aws-us-west-2-1,KOSS,beta=0.3,0.010000000000000002,0.0
0,review,aws,aws-us-west-2,43.8041,-120.5542,aws-us-west-2-1,aws-us-west-2-1,KOSS,beta=0.4,0.010000000000000002,0.0
0,review,aws,aws-us-west-2,43.8041,-120.5542,aws-us-west-2-1,aws-us-west-2-1,KOSS,beta=0.5,0.010000000000000002,0.0
0,review,aws,aws-us-west-2,43.8041,-120.5542,aws-us-west-2-1,aws-us-west-2-1,KOSS,beta=0.6,0.010000000000000002,0.0
0,review,aws,aws-us-west-2,43.8041,-120.5542,aws-us-west-2-1,aws-us-west-2-1,KOSS,beta=0.7,0.010000000000000002,0.0
0,review,aws,aws-us-west-2,43.8041,-120.5542,aws-us-west-2-1,aws-us-west-2-1,KOSS,beta=0.8,0.010000000000000002,0.0
0,review,aws,aws-us-west-2,43.8041,-120.5542,aws-us-west-2-1,aws-us-west-2-1,KOSS,beta=0.9,0.010000000000000002,0.0
0,review,aws,aws-us-west-2,43.8041,-120.5542,aws-us-west-2-1,aws-us-west-2-1,KOSS,beta=0.99,0.010000000000000002,0.0
0,review,aws,aws-us-west-2,43.8041,-120.5542,aws-us-west-2-1,aws-us-west-2-1,RR,beta=0.01,0.010000000000000002,0.0
0,review,aws,aws-us-west-2,43.8041,-120.5542,aws-us-west-2-1,aws-us-west-2-1,RR,beta=0.1,0.010000000000000002,0.0
0,review,aws,aws-us-west-2,43.8041,-120.5542,aws-us-west-2-1,aws-us-west-2-1,RR,beta=0.2,0.010000000000000002,0.0
0,review,aws,aws-us-west-2,43.8041,-120.5542,aws-us-west-2-1,aws-us-west-2-1,RR,beta=0.3,0.010000000000000002,0.0
0,review,aws,aws-us-west-2,43.8041,-120.5542,aws-us-west-2-1,aws-us-west-2-1,RR,beta=0.4,0.010000000000000002,0.0
0,review,aws,aws-us-west-2,43.8041,-120.5542,aws-us-west-2-1,aws-us-west-2-1,RR,beta=0.5,0.010000000000000002,0.0
0,review,aws,aws-us-west-2,43.8041,-120.5542,aws-us-west-2-1,aws-us-west-2-1,RR,beta=0.6,0.010000000000000002,0.0
0,review,aws,aws-us-west-2,43.8041,-120.5542,aws-us-west-2-1,aws-us-west-2-1,RR,beta=0.7,0.010000000000000002,0.0
0,review,aws,aws-us-west-2,43.8041,-120.5542,aws-us-west-2-1,aws-us-west-2-1,RR,beta=0.8,0.010000000000000002,0.0
0,review,aws,aws-us-west-2,43.8041,-120.5542,aws-us-west-2-1,aws-us-west-2-1,RR,beta=0.9,0.010000000000000002,0.0
0,review,aws,aws-us-west-2,43.8041,-120.5542,aws-us-west-2-1,aws-us-west-2-1,RR,beta=0.99,0.010000000000000002,0.0
0,review,aws,aws-us-west-2,43.8041,-120.5542,aws-us-west-2-1,aws-us-west-2-1,WRR,beta=0.01,0.010000000000000002,0.0
0,review,aws,aws-us-west-2,43.8041,-120.5542,aws-us-west-2-1,aws-us-west-2-1,WRR,beta=0.1,0.010000000000000002,0.0
0,review,aws,aws-us-west-2,43.8041,-120.5542,aws-us-west-2-1,aws-us-west-2-1,WRR,beta=0.2,0.010000000000000002,0.0
0,review,aws,aws-us-west-2,43.8041,-120.5542,aws-us-west-2-1,aws-us-west-2-1,WRR,beta=0.3,0.010000000000000002,0.0
0,review,aws,aws-us-west-2,43.8041,-120.5542,aws-us-west-2-1,aws-us-west-2-1,WRR,beta=0.4,0.010000000000000002,0.0
0,review,aws,aws-us-west-2,43.8041,-120.5542,aws-us-west-2-1,aws-us-west-2-1,WRR,beta=0.5,0.010000000000000002,0.0
0,review,aws,aws-us-west-2,43.8041,-120.5542,aws-us-west-2-1,aws-us-west-2-1,WRR,beta=0.6,0.010000000000000002,0.0
0,review,aws,aws-us-west-2,43.8041,-120.5542,aws-us-west-2-1,aws-us-west-2-1,WRR,beta=0.7,0.010000000000000002,0.0
0,review,aws,aws-us-west-2,43.8041,-120.5542,aws-us-west-2-1,aws-us-west-2-1,WRR,beta=0.8,0.010000000000000002,0.0
0,review,aws,aws-us-west-2,43.8041,-120.5542,aws-us-west-2-1,aws-us-west-2-1,WRR,beta=0.9,0.010000000000000002,0.0
0,review,aws,aws-us-west-2,43.8041,-120.5542,aws-us-west-2-1,aws-us-west-2-1,WRR,beta=0.99,0.010000000000000002,0.0
0,review,gcp,gcp-northamerica-northeast-1,45.5017,-73.5673,aws-sa-east-1-1,gcp-northamerica-northeast-1-1,RR,beta=0.01,0.05500000000000002,142.0
0,review,gcp,gcp-northamerica-northeast-1,45.5017,-73.5673,aws-sa-east-1-1,gcp-northamerica-northeast-1-1,RR,beta=0.1,0.05500000000000002,142.0
0,review,gcp,gcp-northamerica-northeast-1,45.5017,-73.5673,aws-sa-east-1-1,gcp-northamerica-northeast-1-1,RR,beta=0.2,0.05500000000000002,142.0
0,review,gcp,gcp-northamerica-northeast-1,45.5017,-73.5673,aws-sa-east-1-1,gcp-northamerica-northeast-1-1,RR,beta=0.3,0.05500000000000002,142.0
0,review,gcp,gcp-northamerica-northeast-1,45.5017,-73.5673,aws-sa-east-1-1,gcp-northamerica-northeast-1-1,RR,beta=0.4,0.05500000000000002,142.0
0,review,gcp,gcp-northamerica-northeast-1,45.5017,-73.5673,aws-sa-east-1-1,gcp-northamerica-northeast-1-1,RR,beta=0.5,0.05500000000000002,142.0
0,review,gcp,gcp-northamerica-northeast-1,45.5017,-73.5673,aws-sa-east-1-1,gcp-northamerica-northeast-1-1,RR,beta=0.6,0.05500000000000002,142.0
0,review,gcp,gcp-northamerica-northeast-1,45.5017,-73.5673,aws-sa-east-1-1,gcp-northamerica-northeast-1-1,RR,beta=0.7,0.05500000000000002,142.0
0,review,gcp,gcp-northamerica-northeast-1,45.5017,-73.5673,aws-sa-east-1-1,gcp-northamerica-northeast-1-1,RR,beta=0.8,0.05500000000000002,142.0
0,review,gcp,gcp-northamerica-northeast-1,45.5017,-73.5673,aws-sa-east-1-1,gcp-northamerica-northeast-1-1,RR,beta=0.9,0.05500000000000002,142.0
0,review,gcp,gcp-northamerica-northeast-1,45.5017,-73.5673,aws-sa-east-1-1,gcp-northamerica-northeast-1-1,RR,beta=0.99,0.05500000000000002,142.0
0,review,gcp,gcp-northamerica-northeast-1,45.5017,-73.5673,aws-sa-east-1-1,gcp-northamerica-northeast-1-1,WRR,beta=0.01,0.05500000000000002,142.0
0,review,gcp,gcp-northamerica-northeast-1,45.5017,-73.5673,aws-sa-east-1-1,gcp-northamerica-northeast-1-1,WRR,beta=0.1,0.05500000000000002,142.0
0,review,gcp,gcp-northamerica-northeast-1,45.5017,-73.5673,aws-sa-east-1-1,gcp-northamerica-northeast-1-1,WRR,beta=0.2,0.05500000000000002,142.0
0,review,gcp,gcp-northamerica-northeast-1,45.5017,-73.5673,aws-sa-east-1-1,gcp-northamerica-northeast-1-1,WRR,beta=0.3,0.05500000000000002,142.0
0,review,gcp,gcp-northamerica-northeast-1,45.5017,-73.5673,aws-sa-east-1-1,gcp-northamerica-northeast-1-1,WRR,beta=0.4,0.05500000000000002,142.0
0,review,gcp,gcp-northamerica-northeast-1,45.5017,-73.5673,aws-sa-east-1-1,gcp-northamerica-northeast-1-1,WRR,beta=0.5,0.05500000000000002,142.0
0,review,gcp,gcp-northamerica-northeast-1,45.5017,-73.5673,aws-sa-east-1-1,gcp-northamerica-northeast-1-1,WRR,beta=0.6,0.05500000000000002,142.0
0,review,gcp,gcp-northamerica-northeast-1,45.5017,-73.5673,aws-sa-east-1-1,gcp-northamerica-northeast-1-1,WRR,beta=0.7,0.05500000000000002,142.0
0,review,gcp,gcp-northamerica-northeast-1,45.5017,-73.5673,aws-sa-east-1-1,gcp-northamerica-northeast-1-1,WRR,beta=0.8,0.05500000000000002,142.0
0,review,gcp,gcp-northamerica-northeast-1,45.5017,-73.5673,aws-sa-east-1-1,gcp-northamerica-northeast-1-1,WRR,beta=0.9,0.05500000000000002,142.0
0,review,gcp,gcp-northamerica-northeast-1,45.5017,-73.5673,aws-sa-east-1-1,gcp-northamerica-northeast-1-1,WRR,beta=0.99,0.05500000000000002,142.0
0,review,gcp,gcp-northamerica-northeast-1,45.5017,-73.5673,aws-us-east-1-1,gcp-northamerica-northeast-1-1,KOSS,beta=0.01,0.05500000000000002,24.0
0,review,gcp,gcp-northamerica-northeast-1,45.5017,-73.5673,aws-us-east-1-1,gcp-northamerica-northeast-1-1,KOSS,beta=0.1,0.05500000000000002,24.0
0,review,gcp,gcp-northamerica-northeast-1,45.5017,-73.5673,aws-us-east-1-1,gcp-northamerica-northeast-1-1,KOSS,beta=0.2,0.05500000000000002,24.0
0,review,gcp,gcp-northamerica-northeast-1,45.5017,-73.5673,aws-us-east-1-1,gcp-northamerica-northeast-1-1,KOSS,beta=0.3,0.05500000000000002,24.0
0,review,gcp,gcp-northamerica-northeast-1,45.5017,-73.5673,aws-us-east-1-1,gcp-northamerica-northeast-1-1,RR,beta=0.01,0.05500000000000002,24.0
0,review,gcp,gcp-northamerica-northeast-1,45.5017,-73.5673,aws-us-east-1-1,gcp-northamerica-northeast-1-1,RR,beta=0.1,0.05500000000000002,24.0
0,review,gcp,gcp-northamerica-northeast-1,45.5017,-73.5673,aws-us-east-1-1,gcp-northamerica-northeast-1-1,RR,beta=0.2,0.05500000000000002,24.0
0,review,gcp,gcp-northamerica-northeast-1,45.5017,-73.5673,aws-us-east-1-1,gcp-northamerica-northeast-1-1,RR,beta=0.3,0.05500000000000002,24.0
0,review,gcp,gcp-northamerica-northeast-1,45.5017,-73.5673,aws-us-east-1-1,gcp-northamerica-northeast-1-1,RR,beta=0.4,0.05500000000000002,24.0
0,review,gcp,gcp-northamerica-northeast-1,45.5017,-73.5673,aws-us-east-1-1,gcp-northamerica-northeast-1-1,RR,beta=0.5,0.05500000000000002,24.0
0,review,gcp,gcp-northamerica-northeast-1,45.5017,-73.5673,aws-us-east-1-1,gcp-northamerica-northeast-1-1,RR,beta=0.6,0.05500000000000002,24.0
0,review,gcp,gcp-northamerica-northeast-1,45.5017,-73.5673,aws-us-east-1-1,gcp-northamerica-northeast-1-1,RR,beta=0.7,0.05500000000000002,24.0
0,review,gcp,gcp-northamerica-northeast-1,45.5017,-73.5673,aws-us-east-1-1,gcp-northamerica-northeast-1-1,RR,beta=0.8,0.05500000000000002,24.0
0,review,gcp,gcp-northamerica-northeast-1,45.5017,-73.5673,aws-us-east-1-1,gcp-northamerica-northeast-1-1,RR,beta=0.9,0.05500000000000002,24.0
0,review,gcp,gcp-northamerica-northeast-1,45.5017,-73.5673,aws-us-east-1-1,gcp-northamerica-northeast-1-1,RR,beta=0.99,0.05500000000000002,24.0
0,review,gcp,gcp-northamerica-northeast-1,45.5017,-73.5673,aws-us-east-1-1,gcp-northamerica-northeast-1-1,WRR,beta=0.01,0.05500000000000002,24.0
0,review,gcp,gcp-northamerica-northeast-1,45.5017,-73.5673,aws-us-east-1-1,gcp-northamerica-northeast-1-1,WRR,beta=0.1,0.05500000000000002,24.0
0,review,gcp,gcp-northamerica-northeast-1,45.5017,-73.5673,aws-us-east-1-1,gcp-northamerica-northeast-1-1,WRR,beta=0.2,0.05500000000000002,24.0
0,review,gcp,gcp-northamerica-northeast-1,45.5017,-73.5673,aws-us-east-1-1,gcp-northamerica-northeast-1-1,WRR,beta=0.3,0.05500000000000002,24.0
0,review,gcp,gcp-northamerica-northeast-1,45.5017,-73.5673,aws-us-east-1-1,gcp-northamerica-northeast-1-1,WRR,beta=0.4,0.05500000000000002,24.0
0,review,gcp,gcp-northamerica-northeast-1,45.5017,-73.5673,aws-us-east-1-1,gcp-northamerica-northeast-1-1,WRR,beta=0.5,0.05500000000000002,24.0
0,review,gcp,gcp-northamerica-northeast-1,45.5017,-73.5673,aws-us-east-1-1,gcp-northamerica-northeast-1-1,WRR,beta=0.6,0.05500000000000002,24.0
0,review,gcp,gcp-northamerica-northeast-1,45.5017,-73.5673,aws-us-east-1-1,gcp-northamerica-northeast-1-1,WRR,beta=0.7,0.05500000000000002,24.0
0,review,gcp,gcp-northamerica-northeast-1,45.5017,-73.5673,aws-us-east-1-1,gcp-northamerica-northeast-1-1,WRR,beta=0.8,0.05500000000000002,24.0
0,review,gcp,gcp-northamerica-northeast-1,45.5017,-73.5673,aws-us-east-1-1,gcp-northamerica-northeast-1-1,WRR,beta=0.9,0.05500000000000002,24.0
0,review,gcp,gcp-northamerica-northeast-1,45.5017,-73.5673,aws-us-east-1-1,gcp-northamerica-northeast-1-1,WRR,beta=0.99,0.05500000000000002,24.0
0,review,gcp,gcp-northamerica-northeast-1,45.5017,-73.5673,gcp-northamerica-northeast-1-1,gcp-northamerica-northeast-1-1,KOSS,beta=0.01,0.0,0.0
0,review,gcp,gcp-northamerica-northeast-1,45.5017,-73.5673,gcp-northamerica-northeast-1-1,gcp-northamerica-northeast-1-1,KOSS,beta=0.1,0.0,0.0
0,review,gcp,gcp-northamerica-northeast-1,45.5017,-73.5673,gcp-northamerica-northeast-1-1,gcp-northamerica-northeast-1-1,KOSS,beta=0.2,0.0,0.0
0,review,gcp,gcp-northamerica-northeast-1,45.5017,-73.5673,gcp-northamerica-northeast-1-1,gcp-northamerica-northeast-1-1,KOSS,beta=0.3,0.0,0.0
0,review,gcp,gcp-northamerica-northeast-1,45.5017,-73.5673,gcp-northamerica-northeast-1-1,gcp-northamerica-northeast-1-1,KOSS,beta=0.4,0.0,0.0
0,review,gcp,gcp-northamerica-northeast-1,45.5017,-73.5673,gcp-northamerica-northeast-1-1,gcp-northamerica-northeast-1-1,KOSS,beta=0.5,0.0,0.0
0,review,gcp,gcp-northamerica-northeast-1,45.5017,-73.5673,gcp-northamerica-northeast-1-1,gcp-northamerica-northeast-1-1,KOSS,beta=0.6,0.0,0.0
0,review,gcp,gcp-northamerica-northeast-1,45.5017,-73.5673,gcp-northamerica-northeast-1-1,gcp-northamerica-northeast-1-1,KOSS,beta=0.7,0.0,0.0
0,review,gcp,gcp-northamerica-northeast-1,45.5017,-73.5673,gcp-northamerica-northeast-1-1,gcp-northamerica-northeast-1-1,KOSS,beta=0.8,0.0,0.0
0,review,gcp,gcp-northamerica-northeast-1,45.5017,-73.5673,gcp-northamerica-northeast-1-1,gcp-northamerica-northeast-1-1,KOSS,beta=0.9,0.0,0.0
0,review,gcp,gcp-northamerica-northeast-1,45.5017,-73.5673,gcp-northamerica-northeast-1-1,gcp-northamerica-northeast-1-1,KOSS,beta=0.99,0.0,0.0
0,review,gcp,gcp-northamerica-northeast-1,45.5017,-73.5673,gcp-northamerica-northeast-1-1,gcp-northamerica-northeast-1-1,RR,beta=0.01,0.0,0.0
0,review,gcp,gcp-northamerica-northeast-1,45.5017,-73.5673,gcp-northamerica-northeast-1-1,gcp-northamerica-northeast-1-1,RR,beta=0.1,0.0,0.0
0,review,gcp,gcp-northamerica-northeast-1,45.5017,-73.5673,gcp-northamerica-northeast-1-1,gcp-northamerica-northeast-1-1,RR,beta=0.2,0.0,0.0
0,review,gcp,gcp-northamerica-northeast-1,45.5017,-73.5673,gcp-northamerica-northeast-1-1,gcp-northamerica-northeast-1-1,RR,beta=0.3,0.0,0.0
0,review,gcp,gcp-northamerica-northeast-1,45.5017,-73.5673,gcp-northamerica-northeast-1-1,gcp-northamerica-northeast-1-1,RR,beta=0.4,0.0,0.0
0,review,gcp,gcp-northamerica-northeast-1,45.5017,-73.5673,gcp-northamerica-northeast-1-1,gcp-northamerica-northeast-1-1,RR,beta=0.5,0.0,0.0
0,review,gcp,gcp-northamerica-northeast-1,45.5017,-73.5673,gcp-northamerica-northeast-1-1,gcp-northamerica-northeast-1-1,RR,beta=0.6,0.0,0.0
0,review,gcp,gcp-northamerica-northeast-1,45.5017,-73.5673,gcp-northamerica-northeast-1-1,gcp-northamerica-northeast-1-1,RR,beta=0.7,0.0,0.0
0,review,gcp,gcp-northamerica-northeast-1,45.5017,-73.5673,gcp-northamerica-northeast-1-1,gcp-northamerica-northeast-1-1,RR,beta=0.8,0.0,0.0
0,review,gcp,gcp-northamerica-northeast-1,45.5017,-73.5673,gcp-northamerica-northeast-1-1,gcp-northamerica-northeast-1-1,RR,beta=0.9,0.0,0.0
0,review,gcp,gcp-northamerica-northeast-1,45.5017,-73.5673,gcp-northamerica-northeast-1-1,gcp-northamerica-northeast-1-1,RR,beta=0.99,0.0,0.0
0,review,gcp,gcp-northamerica-northeast-1,45.5017,-73.5673,gcp-northamerica-northeast-1-1,gcp-northamerica-northeast-1-1,WRR,beta=0.01,0.0,0.0
0,review,gcp,gcp-northamerica-northeast-1,45.5017,-73.5673,gcp-northamerica-northeast-1-1,gcp-northamerica-northeast-1-1,WRR,beta=0.1,0.0,0.0
0,review,gcp,gcp-northamerica-northeast-1,45.5017,-73.5673,gcp-northamerica-northeast-1-1,gcp-northamerica-northeast-1-1,WRR,beta=0.2,0.0,0.0
0,review,gcp,gcp-northamerica-northeast-1,45.5017,-73.5673,gcp-northamerica-northeast-1-1,gcp-northamerica-northeast-1-1,WRR,beta=0.3,0.0,0.0
0,review,gcp,gcp-northamerica-northeast-1,45.5017,-73.5673,gcp-northamerica-northeast-1-1,gcp-northamerica-northeast-1-1,WRR,beta=0.4,0.0,0.0
0,review,gcp,gcp-northamerica-northeast-1,45.5017,-73.5673,gcp-northamerica-northeast-1-1,gcp-northamerica-northeast-1-1,WRR,beta=0.5,0.0,0.0
0,review,gcp,gcp-northamerica-northeast-1,45.5017,-73.5673,gcp-northamerica-northeast-1-1,gcp-northamerica-northeast-1-1,WRR,beta=0.6,0.0,0.0
0,review,gcp,gcp-northamerica-northeast-1,45.5017,-73.5673,gcp-northamerica-northeast-1-1,gcp-northamerica-northeast-1-1,WRR,beta=0.7,0.0,0.0
0,review,gcp,gcp-northamerica-northeast-1,45.5017,-73.5673,gcp-northamerica-northeast-1-1,gcp-northamerica-northeast-1-1,WRR,beta=0.8,0.0,0.0
0,review,gcp,gcp-northamerica-northeast-1,45.5017,-73.5673,gcp-northamerica-northeast-1-1,gcp-northamerica-northeast-1-1,WRR,beta=0.9,0.0,0.0
0,review,gcp,gcp-northamerica-northeast-1,45.5017,-73.5673,gcp-northamerica-northeast-1-1,gcp-northamerica-northeast-1-1,WRR,beta=0.99,0.0,0.0
0,review,gcp,gcp-sa-east-1,-23.5505,-46.6333,aws-sa-east-1-1,gcp-sa-east-1-1,KOSS,beta=0.01,0.05500000000000002,3.0
0,review,gcp,gcp-sa-east-1,-23.5505,-46.6333,aws-sa-east-1-1,gcp-sa-east-1-1,KOSS,beta=0.1,0.05500000000000002,3.0
0,review,gcp,gcp-sa-east-1,-23.5505,-46.6333,aws-sa-east-1-1,gcp-sa-east-1-1,KOSS,beta=0.2,0.05500000000000002,3.0
0,review,gcp,gcp-sa-east-1,-23.5505,-46.6333,aws-sa-east-1-1,gcp-sa-east-1-1,KOSS,beta=0.3,0.05500000000000002,3.0
0,review,gcp,gcp-sa-east-1,-23.5505,-46.6333,aws-sa-east-1-1,gcp-sa-east-1-1,KOSS,beta=0.4,0.05500000000000002,3.0
0,review,gcp,gcp-sa-east-1,-23.5505,-46.6333,aws-sa-east-1-1,gcp-sa-east-1-1,KOSS,beta=0.5,0.05500000000000002,3.0
0,review,gcp,gcp-sa-east-1,-23.5505,-46.6333,aws-sa-east-1-1,gcp-sa-east-1-1,KOSS,beta=0.6,0.05500000000000002,3.0
0,review,gcp,gcp-sa-east-1,-23.5505,-46.6333,aws-sa-east-1-1,gcp-sa-east-1-1,KOSS,beta=0.7,0.05500000000000002,3.0
0,review,gcp,gcp-sa-east-1,-23.5505,-46.6333,aws-sa-east-1-1,gcp-sa-east-1-1,KOSS,beta=0.8,0.05500000000000002,3.0
0,review,gcp,gcp-sa-east-1,-23.5505,-46.6333,aws-sa-east-1-1,gcp-sa-east-1-1,KOSS,beta=0.9,0.05500000000000002,3.0
0,review,gcp,gcp-sa-east-1,-23.5505,-46.6333,aws-sa-east-1-1,gcp-sa-east-1-1,KOSS,beta=0.99,0.05500000000000002,3.0
0,review,gcp,gcp-sa-east-1,-23.5505,-46.6333,aws-sa-east-1-1,gcp-sa-east-1-1,RR,beta=0.01,0.05500000000000002,3.0
0,review,gcp,gcp-sa-east-1,-23.5505,-46.6333,aws-sa-east-1-1,gcp-sa-east-1-1,RR,beta=0.1,0.05500000000000002,3.0
0,review,gcp,gcp-sa-east-1,-23.5505,-46.6333,aws-sa-east-1-1,gcp-sa-east-1-1,RR,beta=0.2,0.05500000000000002,3.0
0,review,gcp,gcp-sa-east-1,-23.5505,-46.6333,aws-sa-east-1-1,gcp-sa-east-1-1,RR,beta=0.3,0.05500000000000002,3.0
0,review,gcp,gcp-sa-east-1,-23.5505,-46.6333,aws-sa-east-1-1,gcp-sa-east-1-1,RR,beta=0.4,0.05500000000000002,3.0
0,review,gcp,gcp-sa-east-1,-23.5505,-46.6333,aws-sa-east-1-1,gcp-sa-east-1-1,RR,beta=0.5,0.05500000000000002,3.0
0,review,gcp,gcp-sa-east-1,-23.5505,-46.6333,aws-sa-east-1-1,gcp-sa-east-1-1,RR,beta=0.6,0.05500000000000002,3.0
0,review,gcp,gcp-sa-east-1,-23.5505,-46.6333,aws-sa-east-1-1,gcp-sa-east-1-1,RR,beta=0.7,0.05500000000000002,3.0
0,review,gcp,gcp-sa-east-1,-23.5505,-46.6333,aws-sa-east-1-1,gcp-sa-east-1-1,RR,beta=0.8,0.05500000000000002,3.0
0,review,gcp,gcp-sa-east-1,-23.5505,-46.6333,aws-sa-east-1-1,gcp-sa-east-1-1,RR,beta=0.9,0.05500000000000002,3.0
0,review,gcp,gcp-sa-east-1,-23.5505,-46.6333,aws-sa-east-1-1,gcp-sa-east-1-1,RR,beta=0.99,0.05500000000000002,3.0
0,review,gcp,gcp-sa-east-1,-23.5505,-46.6333,aws-sa-east-1-1,gcp-sa-east-1-1,WRR,beta=0.01,0.05500000000000002,3.0
0,review,gcp,gcp-sa-east-1,-23.5505,-46.6333,aws-sa-east-1-1,gcp-sa-east-1-1,WRR,beta=0.1,0.05500000000000002,3.0
0,review,gcp,gcp-sa-east-1,-23.5505,-46.6333,aws-sa-east-1-1,gcp-sa-east-1-1,WRR,beta=0.2,0.05500000000000002,3.0
0,review,gcp,gcp-sa-east-1,-23.5505,-46.6333,aws-sa-east-1-1,gcp-sa-east-1-1,WRR,beta=0.3,0.05500000000000002,3.0
0,review,gcp,gcp-sa-east-1,-23.5505,-46.6333,aws-sa-east-1-1,gcp-sa-east-1-1,WRR,beta=0.4,0.05500000000000002,3.0
0,review,gcp,gcp-sa-east-1,-23.5505,-46.6333,aws-sa-east-1-1,gcp-sa-east-1-1,WRR,beta=0.5,0.05500000000000002,3.0
0,review,gcp,gcp-sa-east-1,-23.5505,-46.6333,aws-sa-east-1-1,gcp-sa-east-1-1,WRR,beta=0.6,0.05500000000000002,3.0
0,review,gcp,gcp-sa-east-1,-23.5505,-46.6333,aws-sa-east-1-1,gcp-sa-east-1-1,WRR,beta=0.7,0.05500000000000002,3.0
0,review,gcp,gcp-sa-east-1,-23.5505,-46.6333,aws-sa-east-1-1,gcp-sa-east-1-1,WRR,beta=0.8,0.05500000000000002,3.0
0,review,gcp,gcp-sa-east-1,-23.5505,-46.6333,aws-sa-east-1-1,gcp-sa-east-1-1,WRR,beta=0.9,0.05500000000000002,3.0
0,review,gcp,gcp-sa-east-1,-23.5505,-46.6333,aws-sa-east-1-1,gcp-sa-east-1-1,WRR,beta=0.99,0.05500000000000002,3.0
0,review,gcp,gcp-sa-east-1,-23.5505,-46.6333,aws-us-east-1-1,gcp-sa-east-1-1,RR,beta=0.01,0.05500000000000002,128.0
0,review,gcp,gcp-sa-east-1,-23.5505,-46.6333,aws-us-east-1-1,gcp-sa-east-1-1,RR,beta=0.1,0.05500000000000002,128.0
0,review,gcp,gcp-sa-east-1,-23.5505,-46.6333,aws-us-east-1-1,gcp-sa-east-1-1,RR,beta=0.2,0.05500000000000002,128.0
0,review,gcp,gcp-sa-east-1,-23.5505,-46.6333,aws-us-east-1-1,gcp-sa-east-1-1,RR,beta=0.3,0.05500000000000002,128.0
0,review,gcp,gcp-sa-east-1,-23.5505,-46.6333,aws-us-east-1-1,gcp-sa-east-1-1,RR,beta=0.4,0.05500000000000002,128.0
0,review,gcp,gcp-sa-east-1,-23.5505,-46.6333,aws-us-east-1-1,gcp-sa-east-1-1,RR,beta=0.5,0.05500000000000002,128.0
0,review,gcp,gcp-sa-east-1,-23.5505,-46.6333,aws-us-east-1-1,gcp-sa-east-1-1,RR,beta=0.6,0.05500000000000002,128.0
0,review,gcp,gcp-sa-east-1,-23.5505,-46.6333,aws-us-east-1-1,gcp-sa-east-1-1,RR,beta=0.7,0.05500000000000002,128.0
0,review,gcp,gcp-sa-east-1,-23.5505,-46.6333,aws-us-east-1-1,gcp-sa-east-1-1,RR,beta=0.8,0.05500000000000002,128.0
0,review,gcp,gcp-sa-east-1,-23.5505,-46.6333,aws-us-east-1-1,gcp-sa-east-1-1,RR,beta=0.9,0.05500000000000002,128.0
0,review,gcp,gcp-sa-east-1,-23.5505,-46.6333,aws-us-east-1-1,gcp-sa-east-1-1,RR,beta=0.99,0.05500000000000002,128.0
0,review,gcp,gcp-sa-east-1,-23.5505,-46.6333,aws-us-east-1-1,gcp-sa-east-1-1,WRR,beta=0.01,0.05500000000000002,128.0
0,review,gcp,gcp-sa-east-1,-23.5505,-46.6333,aws-us-east-1-1,gcp-sa-east-1-1,WRR,beta=0.1,0.05500000000000002,128.0
0,review,gcp,gcp-sa-east-1,-23.5505,-46.6333,aws-us-east-1-1,gcp-sa-east-1-1,WRR,beta=0.2,0.05500000000000002,128.0
0,review,gcp,gcp-sa-east-1,-23.5505,-46.6333,aws-us-east-1-1,gcp-sa-east-1-1,WRR,beta=0.3,0.05500000000000002,128.0
0,review,gcp,gcp-sa-east-1,-23.5505,-46.6333,aws-us-east-1-1,gcp-sa-east-1-1,WRR,beta=0.4,0.05500000000000002,128.0
0,review,gcp,gcp-sa-east-1,-23.5505,-46.6333,aws-us-east-1-1,gcp-sa-east-1-1,WRR,beta=0.5,0.05500000000000002,128.0
0,review,gcp,gcp-sa-east-1,-23.5505,-46.6333,aws-us-east-1-1,gcp-sa-east-1-1,WRR,beta=0.6,0.05500000000000002,128.0
0,review,gcp,gcp-sa-east-1,-23.5505,-46.6333,aws-us-east-1-1,gcp-sa-east-1-1,WRR,beta=0.7,0.05500000000000002,128.0
0,review,gcp,gcp-sa-east-1,-23.5505,-46.6333,aws-us-east-1-1,gcp-sa-east-1-1,WRR,beta=0.8,0.05500000000000002,128.0
0,review,gcp,gcp-sa-east-1,-23.5505,-46.6333,aws-us-east-1-1,gcp-sa-east-1-1,WRR,beta=0.9,0.05500000000000002,128.0
0,review,gcp,gcp-sa-east-1,-23.5505,-46.6333,aws-us-east-1-1,gcp-sa-east-1-1,WRR,beta=0.99,0.05500000000000002,128.0
0,review,gcp,gcp-sa-east-1,-23.5505,-46.6333,gcp-sa-east-1-1,gcp-sa-east-1-1,KOSS,beta=0.01,0.0,0.0
0,review,gcp,gcp-sa-east-1,-23.5505,-46.6333,gcp-sa-east-1-1,gcp-sa-east-1-1,KOSS,beta=0.1,0.0,0.0
0,review,gcp,gcp-sa-east-1,-23.5505,-46.6333,gcp-sa-east-1-1,gcp-sa-east-1-1,KOSS,beta=0.2,0.0,0.0
0,review,gcp,gcp-sa-east-1,-23.5505,-46.6333,gcp-sa-east-1-1,gcp-sa-east-1-1,KOSS,beta=0.3,0.0,0.0
0,review,gcp,gcp-sa-east-1,-23.5505,-46.6333,gcp-sa-east-1-1,gcp-sa-east-1-1,KOSS,beta=0.4,0.0,0.0
0,review,gcp,gcp-sa-east-1,-23.5505,-46.6333,gcp-sa-east-1-1,gcp-sa-east-1-1,KOSS,beta=0.5,0.0,0.0
0,review,gcp,gcp-sa-east-1,-23.5505,-46.6333,gcp-sa-east-1-1,gcp-sa-east-1-1,KOSS,beta=0.6,0.0,0.0
0,review,gcp,gcp-sa-east-1,-23.5505,-46.6333,gcp-sa-east-1-1,gcp-sa-east-1-1,KOSS,beta=0.7,0.0,0.0
0,review,gcp,gcp-sa-east-1,-23.5505,-46.6333,gcp-sa-east-1-1,gcp-sa-east-1-1,KOSS,beta=0.8,0.0,0.0
0,review,gcp,gcp-sa-east-1,-23.5505,-46.6333,gcp-sa-east-1-1,gcp-sa-east-1-1,KOSS,beta=0.9,0.0,0.0
0,review,gcp,gcp-sa-east-1,-23.5505,-46.6333,gcp-sa-east-1-1,gcp-sa-east-1-1,KOSS,beta=0.99,0.0,0.0
0,review,gcp,gcp-sa-east-1,-23.5505,-46.6333,gcp-sa-east-1-1,gcp-sa-east-1-1,RR,beta=0.01,0.0,0.0
0,review,gcp,gcp-sa-east-1,-23.5505,-46.6333,gcp-sa-east-1-1,gcp-sa-east-1-1,RR,beta=0.1,0.0,0.0
0,review,gcp,gcp-sa-east-1,-23.5505,-46.6333,gcp-sa-east-1-1,gcp-sa-east-1-1,RR,beta=0.2,0.0,0.0
0,review,gcp,gcp-sa-east-1,-23.5505,-46.6333,gcp-sa-east-1-1,gcp-sa-east-1-1,RR,beta=0.3,0.0,0.0
0,review,gcp,gcp-sa-east-1,-23.5505,-46.6333,gcp-sa-east-1-1,gcp-sa-east-1-1,RR,beta=0.4,0.0,0.0
0,review,gcp,gcp-sa-east-1,-23.5505,-46.6333,gcp-sa-east-1-1,gcp-sa-east-1-1,RR,beta=0.5,0.0,0.0
0,review,gcp,gcp-sa-east-1,-23.5505,-46.6333,gcp-sa-east-1-1,gcp-sa-east-1-1,RR,beta=0.6,0.0,0.0
0,review,gcp,gcp-sa-east-1,-23.5505,-46.6333,gcp-sa-east-1-1,gcp-sa-east-1-1,RR,beta=0.7,0.0,0.0
0,review,gcp,gcp-sa-east-1,-23.5505,-46.6333,gcp-sa-east-1-1,gcp-sa-east-1-1,RR,beta=0.8,0.0,0.0
0,review,gcp,gcp-sa-east-1,-23.5505,-46.6333,gcp-sa-east-1-1,gcp-sa-east-1-1,RR,beta=0.9,0.0,0.0
0,review,gcp,gcp-sa-east-1,-23.5505,-46.6333,gcp-sa-east-1-1,gcp-sa-east-1-1,RR,beta=0.99,0.0,0.0
0,review,gcp,gcp-sa-east-1,-23.5505,-46.6333,gcp-sa-east-1-1,gcp-sa-east-1-1,WRR,beta=0.01,0.0,0.0
0,review,gcp,gcp-sa-east-1,-23.5505,-46.6333,gcp-sa-east-1-1,gcp-sa-east-1-1,WRR,beta=0.1,0.0,0.0
0,review,gcp,gcp-sa-east-1,-23.5505,-46.6333,gcp-sa-east-1-1,gcp-sa-east-1-1,WRR,beta=0.2,0.0,0.0
0,review,gcp,gcp-sa-east-1,-23.5505,-46.6333,gcp-sa-east-1-1,gcp-sa-east-1-1,WRR,beta=0.3,0.0,0.0
0,review,gcp,gcp-sa-east-1,-23.5505,-46.6333,gcp-sa-east-1-1,gcp-sa-east-1-1,WRR,beta=0.4,0.0,0.0
0,review,gcp,gcp-sa-east-1,-23.5505,-46.6333,gcp-sa-east-1-1,gcp-sa-east-1-1,WRR,beta=0.5,0.0,0.0
0,review,gcp,gcp-sa-east-1,-23.5505,-46.6333,gcp-sa-east-1-1,gcp-sa-east-1-1,WRR,beta=0.6,0.0,0.0
0,review,gcp,gcp-sa-east-1,-23.5505,-46.6333,gcp-sa-east-1-1,gcp-sa-east-1-1,WRR,beta=0.7,0.0,0.0
0,review,gcp,gcp-sa-east-1,-23.5505,-46.6333,gcp-sa-east-1-1,gcp-sa-east-1-1,WRR,beta=0.8,0.0,0.0
0,review,gcp,gcp-sa-east-1,-23.5505,-46.6333,gcp-sa-east-1-1,gcp-sa-east-1-1,WRR,beta=0.9,0.0,0.0
0,review,gcp,gcp-sa-east-1,-23.5505,-46.6333,gcp-sa-east-1-1,gcp-sa-east-1-1,WRR,beta=0.99,0.0,0.0
